{"id":"cHJvZHVjdDo0MjU=","name":"Master Service Agreement","sku":null,"slug":"master-service-agreement","link":"https://cms.ezylegal.in/product/master-service-agreement/","getTalkTime":{"heading":null,"subHeading":null,"contentBox":{"leftBox":{"price":null},"rightBox":{"title":null,"image":null,"descriptionContent":null,"termsConditions":null}}},"shortDescription":"<p>The Master Service Agreement is a contract made between two or more parties in which they both agree to most of the terms used to govern any future transactions and agreements.</p>\n","description":"<p>The Master Service Agreement is a contract made between two or more parties in which they both agree to most of the terms used to govern any future transactions and agreements. It helps parties negotiate quickly and simplifies complex contracts.</p>\n","promotionText":"","dateOnSaleTo":null,"dateOnSaleFrom":null,"onSale":true,"averageRating":0,"productTypes":"variable","variations":[{"id":"cHJvZHVjdF92YXJpYXRpb246NzAz","databaseId":703,"name":"Master Service Agreement - Document draft - Customize","sku":"ssdf","price":"₹1999","description":["60 minutes Talk time with Lawyer","First Draft delivered within 3 working days","2/3 Iterations for Document changes"],"regularPrice":"3335","salePrice":"1999","dateOnSaleTo":null,"dateOnSaleFrom":null},{"id":"cHJvZHVjdF92YXJpYXRpb246NzA0","databaseId":704,"name":"Master Service Agreement - Document Review","sku":"423f","price":"₹1799","description":["30 minutes Talk time with Lawyer","Document Review and Consult with the Lawyer","Redline version delivered within 8 working hours "],"regularPrice":"2999","salePrice":"1799","dateOnSaleTo":null,"dateOnSaleFrom":null}],"otherRegularPrice":null,"otherSalePrice":null,"image":null,"product_addition":{"howWeWork":{"heading":"How to get a Master Service Agreement drafted","content":[{"title":"Select Document","description":"Choose your required Document","icon":{"databaseId":737,"sourceUrl":"https://cms.ezylegal.in/wp-content/uploads/2021/06/description_black_24dp-1.svg","title":"description_black_24dp (1)"}},{"title":"Schedule Call with the Lawyer","description":"Schedule Call and discuss with the Lawyer your Document drafting requirements","icon":{"databaseId":736,"sourceUrl":"https://cms.ezylegal.in/wp-content/uploads/2021/06/phone_forwarded_black_24dp.svg","title":"phone_forwarded_black_24dp"}},{"title":"Get your Agreement Draft","description":"Lawyer will deliver customized draft of the Document as per your requirement","icon":{"databaseId":735,"sourceUrl":"https://cms.ezylegal.in/wp-content/uploads/2021/06/task_black_24dp-1.svg","title":"task_black_24dp (1)"}}]},"deliverables":{"heading":"Deliverables","content":[{"title":"Dedicated Lawyer Available","icon":{"databaseId":739,"sourceUrl":"https://cms.ezylegal.in/wp-content/uploads/2021/06/schedule_black_24dp.svg","title":"schedule_black_24dp"},"description":"60 Minutes of Talk time with the Lawyer for discussing requirements and changes in the draft"},{"title":"First Draft within 3 Days","icon":{"databaseId":737,"sourceUrl":"https://cms.ezylegal.in/wp-content/uploads/2021/06/description_black_24dp-1.svg","title":"description_black_24dp (1)"},"description":"First draft of the Document will be delivered within a maximum of 3 working days"},{"title":"Finalize Document","icon":{"databaseId":740,"sourceUrl":"https://cms.ezylegal.in/wp-content/uploads/2021/06/post_add_black_24dp.svg","title":"post_add_black_24dp"},"description":"2/3 Iterations per Document allowed to incorporate your suggestions/changes"}]},"contents":{"heading":"Contents of Master Service Agreement","content":[{"title":"Definition of Service","icon":{"databaseId":738,"sourceUrl":"https://cms.ezylegal.in/wp-content/uploads/2021/06/how_to_reg_black_24dp.svg","title":"how_to_reg_black_24dp"},"description":"The MSA outlines the project expectations, payment details, services provided, quality assurance procedures, inspections and other terms of the agreement between the parties. The MSA is also known as framework agreement.\r\n"},{"title":"Protection of Intellectual Property Rights","icon":{"databaseId":738,"sourceUrl":"https://cms.ezylegal.in/wp-content/uploads/2021/06/how_to_reg_black_24dp.svg","title":"how_to_reg_black_24dp"},"description":"Most agreements involve usage and creation of intellectual property rights between the parties. The MSA lays down the measures to permit usage and protect intellectual property rights.\r\n"},{"title":"Payment Terms","icon":{"databaseId":738,"sourceUrl":"https://cms.ezylegal.in/wp-content/uploads/2021/06/how_to_reg_black_24dp.svg","title":"how_to_reg_black_24dp"},"description":"The MSA outlines the terms of payment. The parties should decide how and when the payments shall be done. The MSA also includes the projected costs, fees and charges.\r\n"},{"title":"Indemnity Clause","icon":{"databaseId":738,"sourceUrl":"https://cms.ezylegal.in/wp-content/uploads/2021/06/how_to_reg_black_24dp.svg","title":"how_to_reg_black_24dp"},"description":"An indemnity clause is a contractual transfer of risk between two parties. Master Service Agreements contains indemnification clause as a mechanism to minimize the risk to the affected party. This provides legal exemption from any future loss/damage"},{"title":"Limitation of Liability ","icon":{"databaseId":738,"sourceUrl":"https://cms.ezylegal.in/wp-content/uploads/2021/06/how_to_reg_black_24dp.svg","title":"how_to_reg_black_24dp"},"description":"This clause restricts the amount and kind of damages for which a party to the agreement may be held liable. It limits the monetary liability of a party under the MSA.\r\n"},{"title":"Arbitration & Dispute Resolution","icon":{"databaseId":738,"sourceUrl":"https://cms.ezylegal.in/wp-content/uploads/2021/06/how_to_reg_black_24dp.svg","title":"how_to_reg_black_24dp"},"description":"The MSA states how conflicts and disputes are to be resolved by the parties. An arbitration clause provides the parties legitimate legal remedies.\r\n"}]},"benefits":{"heading":"Benefits of Master Service Agreement","content":[{"title":"Achieve Business Goals","icon":{"databaseId":732,"sourceUrl":"https://cms.ezylegal.in/wp-content/uploads/2021/06/grade_black_24dp.svg","title":"grade_black_24dp"},"description":"The MSA helps the parties achieve their business objectives and makes negotiation easy.\r\n\r\n"},{"title":"Indemnity","icon":{"databaseId":733,"sourceUrl":"https://cms.ezylegal.in/wp-content/uploads/2021/06/done_all_black_24dp.svg","title":"done_all_black_24dp"},"description":"The MSA provides indemnification and safeguards the interest of the contracting parties by reducing the risk.\r\n"},{"title":"Avoid Disputes & Conflicts","icon":{"databaseId":734,"sourceUrl":"https://cms.ezylegal.in/wp-content/uploads/2021/06/people_outline_black_24dp.svg","title":"people_outline_black_24dp"},"description":"The MSA helps parties avoid contractual disputes as all the terms are discussed in the agreement clearly."}]},"productCharacteristics":[{"label":"100% Satisfaction Guaranteed","icon":{"databaseId":684,"sourceUrl":"https://cms.ezylegal.in/wp-content/uploads/2021/06/thumb_up_black_24dp.svg","title":"thumb_up_black_24dp"}},{"label":"Dedicated Lawyer Available","icon":{"databaseId":708,"sourceUrl":"https://cms.ezylegal.in/wp-content/uploads/2021/06/person_outline_black_24dp.svg","title":"person_outline_black_24dp"}},{"label":"Fastest Delivery, Lowest Price","icon":{"databaseId":709,"sourceUrl":"https://cms.ezylegal.in/wp-content/uploads/2021/06/directions_run_black_24dp.svg","title":"directions_run_black_24dp"}}],"productBanner":null,"productFeature":[{"icon":{"databaseId":707,"sourceUrl":"https://cms.ezylegal.in/wp-content/uploads/2021/06/task_alt_black_24dp.svg","title":"task_alt_black_24dp"},"description":"2,000+ ezyLegal verified experts"},{"icon":{"databaseId":707,"sourceUrl":"https://cms.ezylegal.in/wp-content/uploads/2021/06/task_alt_black_24dp.svg","title":"task_alt_black_24dp"},"description":"Senior Corporate Lawyers with 15+ years of experience"}],"verifiedexpertsection":null,"whyChooseUs":[{"title":"Reliable & Trusted","description":"Over 3,000 five star reviews from our customers"},{"title":"Fast & Easy","description":"Get legal contracts drafted from expert corporate lawyers. Agreement drafts are delivered within a maximum of 2 days"},{"title":"Secure & Confidential","description":"Documents and information are always kept private. Information shared with the lawyer are 100% confidential."}],"processSteps":null,"prerequisites":{"heading":null,"content":null},"faqs":[{"question":"What is the duration of a MSA?\r\n","answer":"The initial term of a MSA is a minimum of 12 months; the MSA can be terminated or renewed as per requirement.\r\n"},{"question":"What is the main purpose of a Master Service Agreement?\r\n","answer":"The main purpose of a MSA is to ensure that both the parties are clear about their terms and have mutually agreed to the terms. The MSA avoids any form of misunderstanding and ambiguity.\r\n"},{"question":"I have a Master Service Agreement; how can I get it reviewed by a Lawyer?\r\n","answer":"ezyLegal can help you get your Master Service Agreement reviewed and provide you with the right legal guidance. You can upload your document and schedule your Consultation with an ezyLegal Lawyer.\r\n"},{"question":"What is the process of getting the Agreement drafted from ezyLegal?\r\n","answer":"ezyLegal offers Standard and Customized Document drafts. If you chose the customized Document option, your call will be scheduled with a Lawyer to whom you can explain your specific requirements. The first draft will be delivered within 2 working days and then you would be allowed 2-3 iterations to make changes in the draft.\r\n"},{"question":"How will the Document be delivered to me?\r\n","answer":"The Document when ready will be available on the ezyLegal website (www.ezylegal.in) in your secured Account. You will be notified on email and WhatsApp whenever a new version of the Document is uploaded. You can Log-in and View or Download the document.  Copy of the documents delivered by ezyLegal will always be available in your ezyLegal account forever.\r\n"}]},"reviewCount":3,"reviews":[{"id":"Y29tbWVudDoyMA==","content":"<p>Recently I used ezyLegal to get an MSA drafted for my company. I received timely updates from them throughout the process. The document was delivered on time and just the way I wanted it. I am very happy and satisfied with the overall experience.</p>\n","date":"2021-07-12 08:02:26","rating":null,"author":{"id":"dXNlcjox","name":"ezylegal"},"replies":[]},{"id":"Y29tbWVudDoxOQ==","content":"<p>ezyLegal helped me get a Master Service Agreement reviewed by a Lawyer. The lawyer explained every single clause in the agreement. He advised me few changes in the draft which can safeguard my rights and prevent any legal issues. I got the changes incorporated and I have now signed the MSA with my Service provider. I</p>\n","date":"2021-07-12 08:00:56","rating":null,"author":{"id":"dXNlcjox","name":"ezylegal"},"replies":[]},{"id":"Y29tbWVudDoxOA==","content":"<p>I got my MSA Agreement drafted from ezyLegal. I explained the Lawyer my requirements and he guided me very well and delivered the final draft within a week. It was a very easy and satisfying experience.</p>\n","date":"2021-07-12 07:55:25","rating":null,"author":{"id":"dXNlcjox","name":"ezylegal"},"replies":[]}],"upsell":[],"related":[{"id":"cHJvZHVjdDoxMzM=","name":"MSME Reg - Sample","sku":null,"slug":"msme-registration","link":"https://cms.ezylegal.in/product/msme-registration/","shortDescription":"","dateOnSaleTo":null,"dateOnSaleFrom":null,"onSale":true,"reviewCount":1,"averageRating":4,"productTypes":"simple","regularPrice":"1599","salePrice":"1499","price":"1499","otherRegularPrice":"2199","otherSalePrice":"2099","image":null,"promotionText":"Promotion Text"},{"id":"cHJvZHVjdDoyMTY=","name":"MSA - Sample","sku":null,"slug":"master-service-agreement-sample","link":"https://cms.ezylegal.in/product/master-service-agreement-sample/","shortDescription":"","dateOnSaleTo":null,"dateOnSaleFrom":null,"onSale":true,"reviewCount":0,"averageRating":0,"productTypes":"variable","variations":{"edges":[{"node":{"id":"cHJvZHVjdF92YXJpYXRpb246MjE5","databaseId":219,"name":"MSA - Sample - Document Review","sku":"34343d","price":null,"regularPrice":null,"salePrice":null,"dateOnSaleTo":null,"dateOnSaleFrom":null}},{"node":{"id":"cHJvZHVjdF92YXJpYXRpb246MjE4","databaseId":218,"name":"MSA - Sample - Document draft - Customize","sku":"344343434","price":null,"regularPrice":null,"salePrice":null,"dateOnSaleTo":null,"dateOnSaleFrom":null}},{"node":{"id":"cHJvZHVjdF92YXJpYXRpb246MjE3","databaseId":217,"name":"MSA - Sample - Document Draft - Standard","sku":"s223232","price":null,"regularPrice":null,"salePrice":null,"dateOnSaleTo":null,"dateOnSaleFrom":null}}]},"otherRegularPrice":null,"otherSalePrice":null,"image":null,"promotionText":""},{"id":"cHJvZHVjdDoyNjc=","name":"Franchise Agreement","sku":null,"slug":"franchise-agreement","link":"https://cms.ezylegal.in/product/franchise-agreement/","shortDescription":"<p>Franchise Agreement is a contract where a Franchisor consents to grant the usage of brand name or company processes or the company product to the Franchisee</p>\n","dateOnSaleTo":null,"dateOnSaleFrom":null,"onSale":true,"reviewCount":0,"averageRating":0,"productTypes":"variable","variations":{"edges":[{"node":{"id":"cHJvZHVjdF92YXJpYXRpb246Mjc5","databaseId":279,"name":"Franchise Agreement - Document draft - Customize","sku":"34343ee","price":null,"regularPrice":null,"salePrice":null,"dateOnSaleTo":null,"dateOnSaleFrom":null}},{"node":{"id":"cHJvZHVjdF92YXJpYXRpb246Mjgw","databaseId":280,"name":"Franchise Agreement - Document Review","sku":"34343ff","price":null,"regularPrice":null,"salePrice":null,"dateOnSaleTo":null,"dateOnSaleFrom":null}}]},"otherRegularPrice":null,"otherSalePrice":null,"image":null,"promotionText":""},{"id":"cHJvZHVjdDozNzU=","name":"Affidavit","sku":null,"slug":"affidavit","link":"https://cms.ezylegal.in/product/affidavit/","shortDescription":"<p>An Affidavit is a type of verified statement which means that it is made under oath and serves as evidence and is required in court proceedings.</p>\n","dateOnSaleTo":null,"dateOnSaleFrom":null,"onSale":true,"reviewCount":0,"averageRating":0,"productTypes":"variable","variations":{"edges":[{"node":{"id":"cHJvZHVjdF92YXJpYXRpb246Mzc2","databaseId":376,"name":"Affidavit - Document Draft - Standard","sku":"34343dd-1","price":null,"regularPrice":null,"salePrice":null,"dateOnSaleTo":null,"dateOnSaleFrom":null}},{"node":{"id":"cHJvZHVjdF92YXJpYXRpb246Mzc3","databaseId":377,"name":"Affidavit - Document draft - Customize","sku":"34343ee-1","price":null,"regularPrice":null,"salePrice":null,"dateOnSaleTo":null,"dateOnSaleFrom":null}},{"node":{"id":"cHJvZHVjdF92YXJpYXRpb246Mzc4","databaseId":378,"name":"Affidavit - Document Review","sku":"34343ff-1","price":null,"regularPrice":null,"salePrice":null,"dateOnSaleTo":null,"dateOnSaleFrom":null}}]},"otherRegularPrice":null,"otherSalePrice":null,"image":null,"promotionText":""},{"id":"cHJvZHVjdDozODQ=","name":"Channel Partner Agreement","sku":null,"slug":"channelpartneragreement","link":"https://cms.ezylegal.in/product/channelpartneragreement/","shortDescription":"<p>A Channel Partner Agreement contains commercial and contractual terms between software, product or technology provider and channel partner.</p>\n","dateOnSaleTo":null,"dateOnSaleFrom":null,"onSale":true,"reviewCount":0,"averageRating":0,"productTypes":"variable","variations":{"edges":[{"node":{"id":"cHJvZHVjdF92YXJpYXRpb246Mzg1","databaseId":385,"name":"Channel Partner Agreement - Document Draft - Standard","sku":"34343dd-1-1","price":null,"regularPrice":null,"salePrice":null,"dateOnSaleTo":null,"dateOnSaleFrom":null}},{"node":{"id":"cHJvZHVjdF92YXJpYXRpb246Mzg2","databaseId":386,"name":"Channel Partner Agreement - Document draft - Customize","sku":"34343ee-1-1","price":null,"regularPrice":null,"salePrice":null,"dateOnSaleTo":null,"dateOnSaleFrom":null}},{"node":{"id":"cHJvZHVjdF92YXJpYXRpb246Mzg3","databaseId":387,"name":"Channel Partner Agreement - Document Review","sku":"34343ff-1-1","price":null,"regularPrice":null,"salePrice":null,"dateOnSaleTo":null,"dateOnSaleFrom":null}}]},"otherRegularPrice":null,"otherSalePrice":null,"image":null,"promotionText":""},{"id":"cHJvZHVjdDozOTI=","name":"Cheque bounce notice","sku":null,"slug":"cheque-bounce-notice","link":"https://cms.ezylegal.in/product/cheque-bounce-notice/","shortDescription":"<p>A Cheque is a bill of exchange payable on demand. Cheque bounce arises due to the non-payment of the amount because of the lack of account balance. </p>\n","dateOnSaleTo":null,"dateOnSaleFrom":null,"onSale":true,"reviewCount":0,"averageRating":0,"productTypes":"variable","variations":{"edges":[{"node":{"id":"cHJvZHVjdF92YXJpYXRpb246Mzk0","databaseId":394,"name":"Cheque bounce notice - Document draft - Customize","sku":"34343ee-1-1-2","price":null,"regularPrice":null,"salePrice":null,"dateOnSaleTo":null,"dateOnSaleFrom":null}},{"node":{"id":"cHJvZHVjdF92YXJpYXRpb246Mzk1","databaseId":395,"name":"Cheque bounce notice - Document Review","sku":"34343ff-1-1-2","price":null,"regularPrice":null,"salePrice":null,"dateOnSaleTo":null,"dateOnSaleFrom":null}}]},"otherRegularPrice":null,"otherSalePrice":null,"image":null,"promotionText":""},{"id":"cHJvZHVjdDozOTY=","name":"Employment contract","sku":null,"slug":"employment-contract","link":"https://cms.ezylegal.in/product/employment-contract/","shortDescription":"<p>An Employment Agreement is a legally enforceable contract that contains all the terms of employment, as well as the rights, obligation, and responsibilities of the parties involved, concerning one other.</p>\n","dateOnSaleTo":null,"dateOnSaleFrom":null,"onSale":true,"reviewCount":0,"averageRating":0,"productTypes":"variable","variations":{"edges":[{"node":{"id":"cHJvZHVjdF92YXJpYXRpb246Mzk4","databaseId":398,"name":"Employment contract - Document draft - Customize","sku":"34343ee-1-1-2-1","price":null,"regularPrice":null,"salePrice":null,"dateOnSaleTo":null,"dateOnSaleFrom":null}},{"node":{"id":"cHJvZHVjdF92YXJpYXRpb246Mzk5","databaseId":399,"name":"Employment contract - Document Review","sku":"34343ff-1-1-2-1","price":null,"regularPrice":null,"salePrice":null,"dateOnSaleTo":null,"dateOnSaleFrom":null}}]},"otherRegularPrice":null,"otherSalePrice":null,"image":null,"promotionText":""},{"id":"cHJvZHVjdDo0MDA=","name":"ESOP policy","sku":null,"slug":"esop-policy","link":"https://cms.ezylegal.in/product/esop-policy/","shortDescription":"<p>An employee stock ownership plan (ESOP) is an employee benefit plan that gives workers ownership interest in the company. </p>\n","dateOnSaleTo":null,"dateOnSaleFrom":null,"onSale":true,"reviewCount":0,"averageRating":0,"productTypes":"variable","variations":{"edges":[{"node":{"id":"cHJvZHVjdF92YXJpYXRpb246NDAy","databaseId":402,"name":"ESOP policy - Document draft - Customize","sku":"34343ee-1-1-2-1-1","price":null,"regularPrice":null,"salePrice":null,"dateOnSaleTo":null,"dateOnSaleFrom":null}},{"node":{"id":"cHJvZHVjdF92YXJpYXRpb246NDAz","databaseId":403,"name":"ESOP policy - Document Review","sku":"34343ff-1-1-2-1-1","price":null,"regularPrice":null,"salePrice":null,"dateOnSaleTo":null,"dateOnSaleFrom":null}}]},"otherRegularPrice":null,"otherSalePrice":null,"image":null,"promotionText":""},{"id":"cHJvZHVjdDo0MDQ=","name":"Eviction notice","sku":null,"slug":"eviction-notice","link":"https://cms.ezylegal.in/product/eviction-notice/","shortDescription":"<p>An eviction notice is a letter written to the tenant to comply with the terms of lease or vacate the property.</p>\n","dateOnSaleTo":null,"dateOnSaleFrom":null,"onSale":true,"reviewCount":0,"averageRating":0,"productTypes":"variable","variations":{"edges":[{"node":{"id":"cHJvZHVjdF92YXJpYXRpb246NDA2","databaseId":406,"name":"Eviction notice - Document draft - Customize","sku":"34343ee-1-1-2-1-1-1","price":null,"regularPrice":null,"salePrice":null,"dateOnSaleTo":null,"dateOnSaleFrom":null}},{"node":{"id":"cHJvZHVjdF92YXJpYXRpb246NDA3","databaseId":407,"name":"Eviction notice - Document Review","sku":"34343ff-1-1-2-1-1-1","price":null,"regularPrice":null,"salePrice":null,"dateOnSaleTo":null,"dateOnSaleFrom":null}}]},"otherRegularPrice":null,"otherSalePrice":null,"image":null,"promotionText":""},{"id":"cHJvZHVjdDo0MDk=","name":"Founder’s agreement","sku":null,"slug":"founders-agreement","link":"https://cms.ezylegal.in/product/founders-agreement/","shortDescription":"<p>A founder’s agreement is contract that is executed between all the co-founders of a company.</p>\n","dateOnSaleTo":null,"dateOnSaleFrom":null,"onSale":true,"reviewCount":0,"averageRating":0,"productTypes":"variable","variations":{"edges":[{"node":{"id":"cHJvZHVjdF92YXJpYXRpb246NDEw","databaseId":410,"name":"Founder’s agreement - Document Draft - Standard","sku":"34343dd-1-1-2-1-1-1-1","price":null,"regularPrice":null,"salePrice":null,"dateOnSaleTo":null,"dateOnSaleFrom":null}},{"node":{"id":"cHJvZHVjdF92YXJpYXRpb246NDEx","databaseId":411,"name":"Founder’s agreement - Document draft - Customize","sku":"34343ee-1-1-2-1-1-1-1","price":null,"regularPrice":null,"salePrice":null,"dateOnSaleTo":null,"dateOnSaleFrom":null}},{"node":{"id":"cHJvZHVjdF92YXJpYXRpb246NDEy","databaseId":412,"name":"Founder’s agreement - Document Review","sku":"34343ff-1-1-2-1-1-1-1","price":null,"regularPrice":null,"salePrice":null,"dateOnSaleTo":null,"dateOnSaleFrom":null}}]},"otherRegularPrice":null,"otherSalePrice":null,"image":null,"promotionText":""}],"seo":{"title":null,"keywords":null,"description":null},"category":{"count":40,"id":"dGVybTozNQ==","name":"Legal Documents","description":"In publishing and graphic design, Lorem ipsum is a placeholder text commonly used to demonstrate the visual form of a document or a typeface without relying on meaningful content. Lorem ipsum may be used as a placeholder before final copy is available.","slug":"documentation","link":"https://cms.ezylegal.in/product-category/documentation/","image":null,"products":[]}}