{"id":"cHJvZHVjdDo1NTg=","name":"One Person Company","sku":null,"slug":"one-person-company","link":"https://cms.ezylegal.in/product/one-person-company/","getTalkTime":{"heading":null,"subHeading":null,"contentBox":{"leftBox":{"price":null},"rightBox":{"title":null,"image":null,"descriptionContent":null,"termsConditions":null}}},"shortDescription":"<p>One Person Company is a legal entity which has only one person as a member who will act in the capacity of a director as well as a shareholder.</p>\n","description":"<p>One Person Company is a legal entity which has only one person as a member who will act in the capacity of a director as well as a shareholder. One Person Company has all the benefits of a Private Limited Company which means it has access to credit, bank loans, limited liability, legal protection for business, access to market etc. The sole member of the company can nominate a Nominee Director but he will have zero power until the death or incapacitation of the main Director. </p>\n","promotionText":"","dateOnSaleTo":null,"dateOnSaleFrom":null,"onSale":true,"averageRating":0,"productTypes":"simple","regularPrice":"14999","salePrice":"8999","price":"₹8999","otherRegularPrice":null,"otherSalePrice":null,"image":null,"product_addition":{"howWeWork":{"heading":"How to get One Person Company registered","content":[{"title":"Select Registration Product","description":"Choose your required Registration and Add-Ons to get maximum discount","icon":{"databaseId":710,"sourceUrl":"https://cms.ezylegal.in/wp-content/uploads/2021/06/cases_black_24dp.svg","title":"cases_black_24dp"}},{"title":" Upload Documents","description":"Upload all the required Documents and schedule Call with the Lawyer","icon":{"databaseId":713,"sourceUrl":"https://cms.ezylegal.in/wp-content/uploads/2021/06/file_upload_black_24dp.svg","title":"file_upload_black_24dp"}},{"title":"File Application","description":"Lawyer will file your Application and pay the required Government fees","icon":{"databaseId":712,"sourceUrl":"https://cms.ezylegal.in/wp-content/uploads/2021/06/file_copy_black_24dp.svg","title":"file_copy_black_24dp"}},{"title":"Get Registration Certificate","description":"Lawyer will Follow-up and Respond to any objections raised and get your Registration Certificate","icon":{"databaseId":714,"sourceUrl":"https://cms.ezylegal.in/wp-content/uploads/2021/06/task_black_24dp.svg","title":"task_black_24dp"}}]},"deliverables":{"heading":"Deliverables For One Person Company ","content":[{"title":null,"icon":{"databaseId":724,"sourceUrl":"https://cms.ezylegal.in/wp-content/uploads/2021/06/contactless_black_24dp.svg","title":"contactless_black_24dp"},"description":"Digital Signature Certificate for 1 Director "},{"title":null,"icon":{"databaseId":725,"sourceUrl":"https://cms.ezylegal.in/wp-content/uploads/2021/06/badge_black_24dp.svg","title":"badge_black_24dp"},"description":"Directors Identification Number for 1 Director\r\n"},{"title":null,"icon":{"databaseId":726,"sourceUrl":"https://cms.ezylegal.in/wp-content/uploads/2021/06/article_black_24dp-1.svg","title":"article_black_24dp (1)"},"description":"Name Approval Certificate\r\n"},{"title":null,"icon":{"databaseId":727,"sourceUrl":"https://cms.ezylegal.in/wp-content/uploads/2021/06/description_black_24dp.svg","title":"description_black_24dp"},"description":"Articles of Association (AOA) and Memorandum of Association (MOA)\r\n"},{"title":null,"icon":{"databaseId":728,"sourceUrl":"https://cms.ezylegal.in/wp-content/uploads/2021/06/picture_as_pdf_black_24dp.svg","title":"picture_as_pdf_black_24dp"},"description":"Certification of Incorporation"},{"title":null,"icon":{"databaseId":729,"sourceUrl":"https://cms.ezylegal.in/wp-content/uploads/2021/06/pin_black_24dp.svg","title":"pin_black_24dp"},"description":"PAN Number"},{"title":null,"icon":{"databaseId":729,"sourceUrl":"https://cms.ezylegal.in/wp-content/uploads/2021/06/pin_black_24dp.svg","title":"pin_black_24dp"},"description":"TAN Number"},{"title":null,"icon":{"databaseId":730,"sourceUrl":"https://cms.ezylegal.in/wp-content/uploads/2021/06/account_balance_black_24dp.svg","title":"account_balance_black_24dp"},"description":"Document support for Current Account opening\r\n"}]},"contents":{"heading":null,"content":null},"benefits":{"heading":"Benefits of One Person Company","content":[{"title":"Minimal Compliance Requirement","icon":{"databaseId":715,"sourceUrl":"https://cms.ezylegal.in/wp-content/uploads/2021/06/unfold_less_black_24dp.svg","title":"unfold_less_black_24dp"},"description":"All OPC businesses must maintain books of accounts, comply with statutory audit requirements and submit income tax returns and annual filings with the RoC. But there is no requirement to hold Board Meetings, Annual General or Extraordinary General Meetings.\r\n"},{"title":"Limited Liability ","icon":{"databaseId":716,"sourceUrl":"https://cms.ezylegal.in/wp-content/uploads/2021/06/expand_circle_down_black_24dp.svg","title":"expand_circle_down_black_24dp"},"description":"The shareholder liability is limited to his shareholding. This means any loss or debts in business will not impact, personal savings or wealth of the individual shareholder\r\n"},{"title":"Continuous Existence","icon":{"databaseId":717,"sourceUrl":"https://cms.ezylegal.in/wp-content/uploads/2021/06/trending_flat_black_24dp.svg","title":"trending_flat_black_24dp"},"description":"An OPC company is a separate legal identity, so it continues to exist even if the main Director is no longer associated with the company. It would pass on to the nominee director and continue to exist until dissolved.\r\n"},{"title":"Improves Trust ","icon":{"databaseId":684,"sourceUrl":"https://cms.ezylegal.in/wp-content/uploads/2021/06/thumb_up_black_24dp.svg","title":"thumb_up_black_24dp"},"description":"As an OPC needs to have its books audited annually, it has greater credibility among vendors and lending institutions.\r\n"}]},"productCharacteristics":[{"label":"100% Satisfaction Guaranteed","icon":{"databaseId":684,"sourceUrl":"https://cms.ezylegal.in/wp-content/uploads/2021/06/thumb_up_black_24dp.svg","title":"thumb_up_black_24dp"}},{"label":"Dedicated Lawyer Available","icon":{"databaseId":708,"sourceUrl":"https://cms.ezylegal.in/wp-content/uploads/2021/06/person_outline_black_24dp.svg","title":"person_outline_black_24dp"}},{"label":"Fastest Delivery, Lowest Price","icon":{"databaseId":709,"sourceUrl":"https://cms.ezylegal.in/wp-content/uploads/2021/06/directions_run_black_24dp.svg","title":"directions_run_black_24dp"}}],"productBanner":null,"productFeature":[{"icon":{"databaseId":707,"sourceUrl":"https://cms.ezylegal.in/wp-content/uploads/2021/06/task_alt_black_24dp.svg","title":"task_alt_black_24dp"},"description":"2000+ ezyLegal Verified Experts"},{"icon":{"databaseId":707,"sourceUrl":"https://cms.ezylegal.in/wp-content/uploads/2021/06/task_alt_black_24dp.svg","title":"task_alt_black_24dp"},"description":"Experienced Lawyers & CAs with 15+ years of practice"}],"verifiedexpertsection":[{"number":null,"label":null,"text":null},{"number":null,"label":null,"text":null}],"whyChooseUs":[{"title":"Reliable & Trusted","description":"Over 3,000 five star reviews from our customers\r\n\r\n"},{"title":"Fast & Easy, On-Demand","description":"Easy access from your mobile. Lawyers available 24x7"},{"title":"Secure & Confidential","description":"Documents and information are always kept private. Information shared with the lawyer are 100% confidential."}],"processSteps":[{"order":1,"step":"Apply for Digital Signature Certificate (DSC)"},{"order":2,"step":"Apply for Director’s Identification Number (DIN)"},{"order":3,"step":"Apply for Company name Approval"},{"order":4,"step":"Draft MoA and AoA "},{"order":5,"step":"File e-forms with ROC and pay Govt. Fees and Stamp Duty"},{"order":6,"step":"ROC issues Certificate of Incorporation"}],"prerequisites":{"heading":"Prerequisites for One Person Company","content":[{"title":null,"description":"Minimum 1 Director/Shareholder and 1 Nominee Director\r\n","icon":{"databaseId":708,"sourceUrl":"https://cms.ezylegal.in/wp-content/uploads/2021/06/person_outline_black_24dp.svg","title":"person_outline_black_24dp"}},{"title":null,"description":"No minimum paid- up capital required\r\n","icon":{"databaseId":720,"sourceUrl":"https://cms.ezylegal.in/wp-content/uploads/2021/06/highlight_off_black_24dp.svg","title":"highlight_off_black_24dp"}},{"title":null,"description":"ID Proofs of the Director - PAN card, Passport, Addhaar Card\r\n","icon":{"databaseId":721,"sourceUrl":"https://cms.ezylegal.in/wp-content/uploads/2021/06/fingerprint_black_24dp.svg","title":"fingerprint_black_24dp"}},{"title":null,"description":"Latest Gas or Electricity bill\r\n\r\n","icon":{"databaseId":722,"sourceUrl":"https://cms.ezylegal.in/wp-content/uploads/2021/06/receipt_black_24dp.svg","title":"receipt_black_24dp"}},{"title":null,"description":"Registered office address proof - Rental agreement or Sale Deed and No Objection Certificate from the property owner","icon":{"databaseId":723,"sourceUrl":"https://cms.ezylegal.in/wp-content/uploads/2021/06/article_black_24dp.svg","title":"article_black_24dp"}}]},"faqs":[{"question":"What is the difference between a One Person Company and Private Limited Company?\r\n\r\n\r\n","answer":"One person company requires only one Director to incorporate the company while a Private Limited Company requires two Directors."},{"question":"Can an NRI register a One Person Company?\r\n\r\n","answer":"An OPC can only be registered by a citizen of India.\r\n"},{"question":"How much capital is required to start an OPC?\r\n\r\n","answer":"There is no minimum paid-up capital required to start an OPC but It will need an authorized share capital of Rs. 1 lakh. "},{"question":"Should an OPC be renewed every year?\r\n\r\n","answer":"No, an OPC does not require renewal every year. An OPC continues its existence until the main Director dissolves the company."},{"question":"If I have questions regarding my documents or the process, how can I ask?\r\n\r\n","answer":"Once you purchase any product from the ezyLegal website, you will be credited minutes in your account. You can use these minutes to connect with the Lawyer and ask questions and take guidance from the Expert."},{"question":"How to register an OPC in India?\r\n\r\n","answer":"ezyLegal can help you get your OPC registered and provide you with the right legal guidance. You can schedule your Consultation with an ezyLegal Lawyer and know the detailed process and advantages of registering an OPC Company."},{"question":"How will I know the status of the registration process?\r\n\r\n","answer":"Status updates will be available on the ezyLegal website (www.ezylegal.in) in your secured Account. Additionally, you will be notified on email and WhatsApp."}]},"reviewCount":3,"reviews":[{"id":"Y29tbWVudDoxNg==","content":"<p>I needed help with the legal paperwork for my closing my One Person Company and ezyLegal made it incredibly easy and took the stress out of me. I highly recommend their services.</p>\n","date":"2021-07-11 15:53:10","rating":null,"author":{"id":"dXNlcjox","name":"ezylegal"},"replies":[]},{"id":"Y29tbWVudDoxNQ==","content":"<p>I wanted to convert my OPC company to a Private Limited Company. The Company change process was fast and easy. I was timely updated at every step in the process. I’m a busy single mother trying to scale my business and ezyLegal took care of everything for me, I’m so grateful for ezyLegal. Thanks again!</p>\n","date":"2021-07-11 15:52:13","rating":null,"author":{"id":"dXNlcjox","name":"ezylegal"},"replies":[]},{"id":"Y29tbWVudDoxNA==","content":"<p>I was recommended by a friend to try ezyLegal services. I got my company Incorporation done from them and believe me this is an awesome service &#8211; simple, easy and convenient. ezyLegal helped incorporate my One Person Company in a very professional manner. I would highly recommend their Incorporation service to anyone planning to start their business.</p>\n","date":"2021-07-11 15:48:11","rating":null,"author":{"id":"dXNlcjox","name":"ezylegal"},"replies":[]}],"upsell":[{"id":"cHJvZHVjdDoxMzA=","otherRegularPrice":"2199","otherSalePrice":"2099","name":"GST Registration","regularPrice":"1665","salePrice":"999","dateOnSaleFrom":null,"dateOnSaleTo":null},{"id":"cHJvZHVjdDo1NDc=","otherRegularPrice":null,"otherSalePrice":null,"name":"Startup India Registration","regularPrice":"1665","salePrice":"999","dateOnSaleFrom":null,"dateOnSaleTo":null}],"related":[{"id":"cHJvZHVjdDoxMzA=","name":"GST Registration","sku":null,"slug":"gst-registration","link":"https://cms.ezylegal.in/product/gst-registration/","shortDescription":"<p>Goods and Services Tax is an indirect tax used in India on the supply of goods and service. </p>\n","dateOnSaleTo":null,"dateOnSaleFrom":null,"onSale":true,"reviewCount":0,"averageRating":0,"productTypes":"simple","regularPrice":"1665","salePrice":"999","price":"999","otherRegularPrice":"2199","otherSalePrice":"2099","image":null,"promotionText":"Promotion Text"},{"id":"cHJvZHVjdDoxMzE=","name":"Startup India Reg - Sample","sku":null,"slug":"startup-india-registration","link":"https://cms.ezylegal.in/product/startup-india-registration/","shortDescription":"<p>This is Startup India Registration short description.</p>\n","dateOnSaleTo":null,"dateOnSaleFrom":null,"onSale":true,"reviewCount":0,"averageRating":0,"productTypes":"simple","regularPrice":"1599","salePrice":"1499","price":"1499","otherRegularPrice":"2199","otherSalePrice":"2099","image":null,"promotionText":"Promotion Text"},{"id":"cHJvZHVjdDoxMzI=","name":"One Person Company - Sample","sku":"ezylegal2322","slug":"one-person-company-sample","link":"https://cms.ezylegal.in/product/one-person-company-sample/","shortDescription":"<p>One Person Company is a legal entity which has only one person as a member who will act in the capacity of a Director as well as a Shareholder</p>\n","dateOnSaleTo":null,"dateOnSaleFrom":null,"onSale":true,"reviewCount":1,"averageRating":5,"productTypes":"simple","regularPrice":"9999","salePrice":"7999","price":"7999","otherRegularPrice":"2199","otherSalePrice":"2099","image":null,"promotionText":"Promotion Text"},{"id":"cHJvZHVjdDozNzk=","name":"Private Limited Company","sku":"ezylegal2322-1","slug":"private-limited-company","link":"https://cms.ezylegal.in/product/private-limited-company/","shortDescription":"<p>A Private Limited Company is a type of company that offers limited liability or legal protection for members.</p>\n","dateOnSaleTo":null,"dateOnSaleFrom":null,"onSale":true,"reviewCount":0,"averageRating":0,"productTypes":"simple","regularPrice":"9999","salePrice":"7999","price":"7999","otherRegularPrice":"2199","otherSalePrice":"2099","image":null,"promotionText":"Promotion Text"},{"id":"cHJvZHVjdDozODI=","name":"Limited Liability Partnership","sku":null,"slug":"limited-liability-partnership","link":"https://cms.ezylegal.in/product/limited-liability-partnership/","shortDescription":"<p>A Limited Liability Partnership (LLP) is a partnership in which some or all partners have limited liabilities.</p>\n","dateOnSaleTo":null,"dateOnSaleFrom":null,"onSale":true,"reviewCount":0,"averageRating":0,"productTypes":"simple","regularPrice":"13335","salePrice":"7999","price":"7999","otherRegularPrice":null,"otherSalePrice":null,"image":null,"promotionText":""},{"id":"cHJvZHVjdDo1MTQ=","name":"Partnership Firm","sku":null,"slug":"partnership-firm","link":"https://cms.ezylegal.in/product/partnership-firm/","shortDescription":"<p>A Partnership is an association of two or more people formed for the purpose of carrying on a business.</p>\n","dateOnSaleTo":null,"dateOnSaleFrom":null,"onSale":true,"reviewCount":0,"averageRating":0,"productTypes":"simple","regularPrice":"9999","salePrice":"7999","price":"7999","otherRegularPrice":null,"otherSalePrice":null,"image":null,"promotionText":""},{"id":"cHJvZHVjdDo1MTU=","name":"Appointment of Director","sku":null,"slug":"appointment-of-director","link":"https://cms.ezylegal.in/product/appointment-of-director/","shortDescription":"<p>A Director is chosen by a company to manage its daily business activities and implement its policy.</p>\n","dateOnSaleTo":null,"dateOnSaleFrom":null,"onSale":true,"reviewCount":0,"averageRating":0,"productTypes":"simple","regularPrice":"9999","salePrice":"7999","price":"7999","otherRegularPrice":null,"otherSalePrice":null,"image":null,"promotionText":""},{"id":"cHJvZHVjdDo1MTY=","name":"Removal of Director","sku":null,"slug":"removal-of-director","link":"https://cms.ezylegal.in/product/removal-of-director/","shortDescription":"<p>Every company has a board. The board consists of experts and skilled individuals known as Directors.</p>\n","dateOnSaleTo":null,"dateOnSaleFrom":null,"onSale":true,"reviewCount":0,"averageRating":0,"productTypes":"simple","regularPrice":"9999","salePrice":"7999","price":"7999","otherRegularPrice":null,"otherSalePrice":null,"image":null,"promotionText":""},{"id":"cHJvZHVjdDo1MTg=","name":"Allotment of Shares","sku":null,"slug":"allotment-of-shares","link":"https://cms.ezylegal.in/product/allotment-of-shares/","shortDescription":"<p>Share Capital is the amount of capital raised by the issue of shares by a company</p>\n","dateOnSaleTo":null,"dateOnSaleFrom":null,"onSale":true,"reviewCount":0,"averageRating":0,"productTypes":"simple","regularPrice":"9999","salePrice":"7999","price":"7999","otherRegularPrice":null,"otherSalePrice":null,"image":null,"promotionText":""},{"id":"cHJvZHVjdDo1MTk=","name":"Closing of Private Limited Company","sku":null,"slug":"closing-of-private-limited-company","link":"https://cms.ezylegal.in/product/closing-of-private-limited-company/","shortDescription":"<p>Winding up of a Company is a process, through which the life of the company is concluded.</p>\n","dateOnSaleTo":null,"dateOnSaleFrom":null,"onSale":true,"reviewCount":0,"averageRating":0,"productTypes":"simple","regularPrice":"9999","salePrice":"7999","price":"7999","otherRegularPrice":null,"otherSalePrice":null,"image":null,"promotionText":""}],"seo":{"title":null,"keywords":null,"description":null},"category":{"count":50,"id":"dGVybTozNA==","name":"Business Registration","description":"In publishing and graphic design, Lorem ipsum is a placeholder text commonly used to demonstrate the visual form of a document or a typeface without relying on meaningful content. Lorem ipsum may be used as a placeholder before final copy is available.","slug":"business-registration","link":"https://cms.ezylegal.in/product-category/business-registration/","image":null,"products":[]}}