[{"slug":"how-to-register-a-limited-liability-partnership-in-india","featuredImage":{"title":"pexels-fauxels-3184632","databaseId":881,"sourceUrl":"https://cms.ezylegal.in/wp-content/uploads/2021/07/pexels-fauxels-3184632.jpg"},"tags":[{"id":"dGVybTo1MQ==","slug":"business-registration","name":"business registration"},{"id":"dGVybTo1Nw==","slug":"partnership","name":"Partnership"}],"seo":{"description":null,"keywords":null,"robot":null},"date":"2021-07-20T06:23:04","content":"\n<p>The J.J. Irani Committee and The Bhatt Committee introduced the concept of Limited Liability Partnership in India. The Limited Liability Partnership Act, 2008 was published in 2008 and came into effect on 31<sup>st</sup> March 2009. The Limited Liability Partnership is a business entity that provides the company the benefits of Limited Liability. It is one of the most beneficial forms of company for entrepreneurs and small business owners.</p>\n\n\n\n<p><strong>WHAT IS A LIMITED LIABILITY PARTNERSHIP?</strong></p>\n\n\n\n<p>The Limited Liability Partnership Act 2008 defines Limited Liability Partnership or LLP as a body corporate formed and incorporated under this Act and is a legal entity separate from that of its partners. It can also be defined as a business structure with features similar to Corporate Company and Partnership firm.</p>\n\n\n\n<p>In Limited Liability Partnership the members are not liable for debts or losses incurred. The company is liable for all such debts and losses. The LLP Act 2008 regulates and governs the formation of Limited Liability Partnership in India.</p>\n\n\n\n<p><strong>FEATURES OF LIMITED LIABILITY PARTNERSHIP</strong></p>\n\n\n\n<ol><li>A Limited Liability Partnership is a body corporate. As per Section 3 of the Companies Act, 1956 a body corporate can be defined as and includes a limited liability partnership registered under the Companies Act or a limited liability partnership incorporated outside India.</li><li>In a LLP audit of the accounts is required only if the contribution exceeds Rs. 25 lakh or annual turnover exceeds Rs. 40 lakh</li><li>Limited Liability Partnership has a perpetual or continued existence, which means death, bankruptcy, insanity and change in membership does not affect the existence of LLP.</li><li>Partners can directly manage the business and management of the Limited Liability Partnership. There is no distinction between management and ownership of the LLP</li><li>There should be a minimum of two partners one of which shall be a resident of India. The partners cannot be held liable for negligence or misconduct caused by another partner.</li><li>Limited Liability Partnership is an artificial legal person. It has all the rights of an Individual.</li></ol>\n\n\n\n<p><strong>ONLINE REGISTRATION PROCEDURE OF LLP</strong></p>\n\n\n\n<ol><li>The Applicant has to obtain a Digital Signature Certificate or DSC for the designated partners.</li><li>Apply for e-form DIR 3, this form is filed to obtain Designated Partners Identification Number.</li><li>Your name makes your company standout in the market. Applicant has to apply for name reservation and approval on the RUN website on the MCA Portal.</li><li>The applicant has to file for Incorporation of LLP with the ROC of the state where he resides. The applicant has to submit the application along with the required documents.</li><li>The applicant has to file the online LLP agreement along with the stamp duty on the MCA portal within 30 days of incorporation.</li></ol>\n\n\n\n<p><strong>CONTENTS OF LLP AGREEMENT-</strong></p>\n\n\n\n<p>A LLP agreement is the most important document required for LLP Registration, a well drafted LLP Agreement has the following clauses-</p>\n\n\n\n<ul><li>Details of the Partners</li></ul>\n\n\n\n<p>This clause includes the names, address and age of the designated partners.</p>\n\n\n\n<ul><li>Details of the LLP</li></ul>\n\n\n\n<p>This clause states that the business is a Limited Liability Partnership. Any changes made in the LLP shall be notified by the Designated Partner to the Registrar of Companies.</p>\n\n\n\n<ul><li>Capital Contribution</li></ul>\n\n\n\n<p>This clause includes the details of the capital contributed by each partner. The contribution can be in the form of assets which are tangible and intangible.</p>\n\n\n\n<ul><li>Profit sharing Ratio</li></ul>\n\n\n\n<p>This clause states how the profit shall be divided among the partners. It clearly states the profit sharing ratio.</p>\n\n\n\n<ul><li>Remuneration of Partners</li></ul>\n\n\n\n<p>The partners are entitled to get remuneration. It includes any salary, bonus, commission paid to a partner. A LLP sets forth the amount and mode of payment.</p>\n\n\n\n<ul><li>Dispute Resolution</li></ul>\n\n\n\n<p>The LLP agreement includes a dispute resolution mechanism mutually agreed upon by the parties. LLPs may face conflict of interest and disputes may arise. A well-defined Dispute resolution mechanism saves cost on litigation.</p>\n\n\n\n<p><strong>DOCUMENTS REQUIRED FOR LLP REGISTRATION</strong></p>\n\n\n\n<ul><li>Passport</li><li>Telephone Bill</li><li>Aadhaar Card</li><li>Bank Statement</li><li>Election Card or Voter Identity Card</li><li>Ration Card</li><li>Driving License</li><li>Electricity Bill</li></ul>\n\n\n\n<p><strong>ADVANTAGES OF LLP REGISTRATION</strong></p>\n\n\n\n<ul><li>Limited Liability Partnership does not require minimum paid up capital. The investment by the partners could be in the form of tangible or intangible assets.</li><li>There is no limit on maximum number of members or partners but there has to be minimum two designated partners.</li><li>Limited liability is the biggest advantage of a LLP. Each partner’s liability is limited to his contribution. In case of insolvency the assets of the LLP are used to pay off debts.</li><li>&nbsp;LLP registration is a low cost procedure. It does not burden the partners to bear with exorbitant expenses for registration.</li><li>LLP partners can withdraw their profits without worrying about tax deductions. The Dividend Distribution Tax&nbsp;is not applicable to LLPs</li></ul>\n\n\n\n<p><strong>ARE YOU PLANNING TO REGISTER YOUR LIMITED LIABILITY PARTNERSHIP?&nbsp;</strong></p>\n\n\n\n<p>ezyLegal can help you register and incorporate your Limited Liability Partnership and provide you with the right legal guidance. You can schedule your Consultation with an ezyLegal Lawyer and know the detailed process and advantages of registering your LLP.</p>\n\n\n\n<p></p>\n","id":"cG9zdDo4OTM=","author":{"id":"dXNlcjox","name":"ezylegal","avatar":{"url":"https://secure.gravatar.com/avatar/49098dd32f92b12a2baf46ff2a143063?s=96&d=mm&r=g"}},"title":"How to register a Limited Liability Partnership In India","excerpt":"<p>The J.J. Irani Committee and The Bhatt Committee introduced the concept of Limited Liability Partnership in India. The Limited Liability Partnership Act, 2008 was published in 2008 and came into effect on 31st March 2009. The Limited Liability Partnership is a business entity that provides the company the benefits of Limited Liability. It is one&hellip; <a class=\"more-link\" href=\"https://cms.ezylegal.in/blog/2021/07/20/how-to-register-a-limited-liability-partnership-in-india/\">Continue reading <span class=\"screen-reader-text\">How to register a Limited Liability Partnership In India</span></a></p>\n","categories":[{"id":"dGVybTo1Mw==","slug":"business-registration","name":"Business Registration"}]},{"slug":"a-step-by-step-guide-for-one-person-company-registration","featuredImage":{"title":"pexels-anna-nekrashevich-7550893","databaseId":890,"sourceUrl":"https://cms.ezylegal.in/wp-content/uploads/2021/07/pexels-anna-nekrashevich-7550893-scaled.jpg"},"tags":[{"id":"dGVybTo1MQ==","slug":"business-registration","name":"business registration"},{"id":"dGVybTo1MA==","slug":"one-person-company","name":"One person company"}],"seo":{"description":null,"keywords":null,"robot":null},"date":"2021-07-20T06:19:38","content":"\n<p>When we think of a company, we think of a team of people multitasking and attending board meetings. Venturing into the business world on your own is exciting yet intimidating. The concept of One Person Company serves as a great option for Individuals planning to run a company on their own without any partner or co owners.</p>\n\n\n\n<p>In 2005 The Dr. JJ Irani expert panel recommended the concept of One Person Company. The panel was of the opinion that, this concept will benefit small business owners and provide opportunities and incentives for entrepreneurs and innovators.</p>\n\n\n\n<p><strong>WHAT IS A ONE PERSON COMPANY?</strong></p>\n\n\n\n<p>The Section 2(62) of the Companies Act, 2013 defines One Person Company or OPC as a business entity with only one member and one shareholder. The maximum number of directors can go up to 15. If the paid up share capital of an OPC exceeds fifty lakh rupees or two crore rupees, the OPC has to convert itself into a Private company or public company within six months.&nbsp;</p>\n\n\n\n<p>The One Person Company enjoys the same benefits provided to the Private Limited Company. It also receives legal protection and limited liability.&nbsp; As of December, 2020 there are 34,235 active One Person Companies in India.&nbsp;</p>\n\n\n\n<p><strong>FEATURES OF ONE PERSON COMPANY</strong></p>\n\n\n\n<ul><li><strong>Private Company</strong></li></ul>\n\n\n\n<p>According to Section 3 of the Companies Act, 2013 OPC is a private company. It enjoys benefits similar to a private company. It receives access to credit, legal protection and bank loans.</p>\n\n\n\n<ul><li><strong>Number of Members</strong></li></ul>\n\n\n\n<p>An Entrepreneur can set up a One Person Company as it requires one member and one shareholder. The OPC can have minimum of one director and maximum of 15 directors. Such structure helps companies which are still in the initial stages of development.</p>\n\n\n\n<ul><li><strong>Nominee of Shareholder</strong></li></ul>\n\n\n\n<p>A shareholder has to mention a nominee while registering the company. The nomination takes place according to the Memorandum of the Company. This feature is unique and only available for One Person Company.&nbsp;</p>\n\n\n\n<ul><li><strong>Perpetual succession</strong></li></ul>\n\n\n\n<p>Perpetual succession means a continued existence of an entity. The One Person Company has one member, on the death or incapacity of the member. The nominee can choose to run or dissolve the company.</p>\n\n\n\n<ul><li><strong>No minimum share capital</strong></li></ul>\n\n\n\n<p>Funding is the most important element of forming a company. The One Person Company does not require a minimum paid up share capital.&nbsp;</p>\n\n\n\n<p><strong>HOW TO REGISTER A ONE PERSON COMPANY IN INDIA?</strong></p>\n\n\n\n<ol><li>The applicant has to obtain a Digital Signature Certificate (DSC) and Directors Identification Number.&nbsp;</li><li>The applicant has to file an application to reserve the company name. The application can be made using the website named RUN (Reserve Unique Name). The applicant has to pay a prescribed fee of Rs.1000 along with application. If the application is approved the name is reserved for a period of 20 days.</li><li>Memorandum of Association and Article of Association are two of most essential components of registering a company. It includes the structure, objectives and mode of operation of the company. The applicant has to file Form SPICe MOA and Form SPICe AOA with the Registrar&nbsp;of Companies.</li><li>After submitting the application and Registration fees. The ROC shall approve the application and issue a Certificate of Registration.</li></ol>\n\n\n\n<p><strong>DOCUMENTS REQUIRED FOR REGISTRATION OF ONE PERSON COMPANY-</strong></p>\n\n\n\n<ul><li>PAN Card of Owner</li><li>Passport Size Photograph</li><li>Copy of Aadhaar card</li><li>Copy of Rent Agreement</li><li>Copy of voter ID</li><li>Latest Electricity bill</li><li>NOC from Landlord (in case of rented premise)</li></ul>\n\n\n\n<p><strong>BENEFITS OF ONE PERSON COMPANY</strong></p>\n\n\n\n<ul><li>The shareholder’s liability is limited to his shares or contribution to the company. This means any loss or debts in business will not impact, personal savings or wealth of the individual shareholder.</li><li>The One Person Company is a legal entity. It can continue to exist even after the death or incapacity of the sole director or member. It would pass on to the nominee director nominated by the shareholder and continue to exist until dissolved. To grant the nominee the Right to run the company, a nominee clause is added to the MoA and AoA.</li><li>The One Person Company has access to all the privileges given to a Private Company. This makes OPC a credible entity. It has fewer compliance requirements too.</li></ul>\n\n\n\n<p><strong>UNION BUDGET 2021-2022 AND ONE PERSON COMPANY</strong></p>\n\n\n\n<p>The Union Budget 2021-2022 has proposed incentives for the incorporation of One Person Companies (OPCs). The following incentives were proposed and will benefit 200,000 companies the proposed changes will come into effect from 1 April 2021.</p>\n\n\n\n<ul><li>OPCs can grow without any restrictions on paid up capital and turnover.</li><li>The OPC can convert itself into any other type of company.</li><li>&nbsp;The residency limit has been reduced for an Indian citizen to set up an OPC from 182 days to 120 days.</li><li>&nbsp;Non-Resident Indians (NRIs) can incorporate OPCs in India.</li><li>Tax benefit incentives have been proposed for startups</li></ul>\n\n\n\n<p><strong>ARE YOU LOOKING FOR A HASSLE FREE ONE PERSON COMPANY INCORPORATION?</strong></p>\n\n\n\n<p>ezyLegal can help you register and incorporate your One Person Company and provide you with the right legal guidance. You can schedule your Consultation with an ezyLegal Lawyer and know the detailed process and advantages of registering your Company.</p>\n","id":"cG9zdDo4ODg=","author":{"id":"dXNlcjox","name":"ezylegal","avatar":{"url":"https://secure.gravatar.com/avatar/49098dd32f92b12a2baf46ff2a143063?s=96&d=mm&r=g"}},"title":"A Step by Step guide for One Person Company registration","excerpt":"<p>When we think of a company, we think of a team of people multitasking and attending board meetings. Venturing into the business world on your own is exciting yet intimidating. The concept of One Person Company serves as a great option for Individuals planning to run a company on their own without any partner or&hellip; <a class=\"more-link\" href=\"https://cms.ezylegal.in/blog/2021/07/20/a-step-by-step-guide-for-one-person-company-registration/\">Continue reading <span class=\"screen-reader-text\">A Step by Step guide for One Person Company registration</span></a></p>\n","categories":[{"id":"dGVybTo1Mw==","slug":"business-registration","name":"Business Registration"},{"id":"dGVybTo0NQ==","slug":"legal-consultation","name":"Legal Consultation"}]},{"slug":"all-you-need-to-know-about-partnership-firm","featuredImage":{"title":"pexels-fauxels-3184430","databaseId":882,"sourceUrl":"https://cms.ezylegal.in/wp-content/uploads/2021/07/pexels-fauxels-3184430.jpg"},"tags":[{"id":"dGVybTo1MQ==","slug":"business-registration","name":"business registration"},{"id":"dGVybTo1Nw==","slug":"partnership","name":"Partnership"}],"seo":{"description":null,"keywords":null,"robot":null},"date":"2021-07-20T06:12:43","content":"\n<p>Starting a business is often a tedious task, having a partner or a team helps ease the burden of establishing a business. A partnership firm is a business where two or more people agree to be in a business as partners or co owners. The partners divide different roles and responsibilities among themselves to ensure smooth business operations.</p>\n\n\n\n<p><strong>WHAT IS A PARTNERSHIP FIRM?</strong></p>\n\n\n\n<p>A partnership Firm is governed and regulated by the Indian Partnership Act, 1932, the act defines partnership as a profit sharing relation between two or more partners. The duties and responsibilities of the partners along with profit sharing are defined in an agreement or deed known as Partnership Agreement. The partnership is a contractual relation between the partners based on mutual understanding and course of conduct.</p>\n\n\n\n<p><strong>TYPES OF PARTNERSHIPS IN INDIA</strong></p>\n\n\n\n<p>There are mainly three types of Partnerships which are as follows-</p>\n\n\n\n<ol><li><strong>General Partnership</strong></li></ol>\n\n\n\n<p>In a general partnership, all the partners hold equal rights and participate in decision making and management of the firm. The general partner puts his capital, skills and labor to achieve the firm’s financial goals.&nbsp; In a general Partnership, a partner has unlimited liability and has the right to take decisions regarding the management and operations of the firm.&nbsp;</p>\n\n\n\n<ol start=\"2\"><li><strong>Partnership at will</strong></li></ol>\n\n\n\n<p>Section 7 of the Indian Partnership Act, 1932 defines partnership at will as when there is no provision made between the partners for the duration of their partnership, or for the determination of their partnership. There are two essential conditions for Partnership at will, which are as follows-</p>\n\n\n\n<ul><li>There is no fixed period for the partnership to exist</li><li>There is no determination of the partnership.</li></ul>\n\n\n\n<ol start=\"3\"><li><strong>Particular partnership&nbsp;</strong></li></ol>\n\n\n\n<p>A Particular Partnership is formed to manage and run a particular business or venture. When the particular purpose is served the partnership can be dissolved. However, the partners can continue with the said partnership by making an agreement. If there is no agreement the particular partnership is dissolved.</p>\n\n\n\n<p><strong>Features of&nbsp; Partnership Firm –</strong></p>\n\n\n\n<ul><li><strong>Contract for Partnership</strong></li></ul>\n\n\n\n<p>Partnership is a contractual relation between two or more partners. The contract becomes an essential component of the Partnership as the partners mutually agree on terms to set up a partnership firm. This mutual agreement is validated through a contract. The agreement can be oral or in written, it helps resolve disputes and protects the interests of the partners.</p>\n\n\n\n<ul><li><strong>Partners&nbsp;</strong></li></ul>\n\n\n\n<p>The Partnership is an association of people, thus making partners an important element of the partnership. As per the Companies Act, 2013 the partnership firm can have a maximum number of 20 partners. The partners are involved in management of the firm.</p>\n\n\n\n<ul><li><strong>Profit sharing</strong></li></ul>\n\n\n\n<p>Profit motive is the main reason a partnership firm is formed, each partner is entitled to a certain amount of profits. The Profits are distributed in an equal ratio or as agreed upon in the Partnership agreement. The profit sharing ratio is different for each firm and depends on multiple factors like terms, losses incurred and investment.</p>\n\n\n\n<ul><li><strong>Carrying on of a business</strong></li></ul>\n\n\n\n<p>Partnership firms have a profit motive. The firm includes any business like trade, occupation except charitable work. All the partners have equal rights to decide the functioning of the firm.</p>\n\n\n\n<p><strong>&nbsp;REGISTRATION PROCEDURE FOR PARTNERSHIP FIRM</strong></p>\n\n\n\n<ul><li>The company name defines the brand. The first step of registration is to select a company name. The applicant has to check for availability of name and reserve the name of the firm on the RUN website. Applicants have to select an appropriate name and make sure that the company name does not exist already.</li><li>The applicant has to file an application for registration along with the prescribed fees and documents at the office of Registrar of Firms. The application has to be signed by the partners or by agents of the partners.</li><li>The Registrar of Firms will verify the application. On receiving the approval the Registrar will register the firm and issue the Registration Certificate to the Partnership Firm.</li></ul>\n\n\n\n<p><strong>Advantages of a Partnership Firm</strong></p>\n\n\n\n<ul><li><strong>Decision making&nbsp;</strong></li></ul>\n\n\n\n<p>Each partner has to fulfill certain duties and responsibilities as per the Partnership agreement. The partners participate actively in the decision making activities of the firm, every partner brings a different perspective along with a set of skills, experience and knowledge to the firm.</p>\n\n\n\n<ul><li><strong>Ease of Formation&nbsp;</strong></li></ul>\n\n\n\n<p>It is easy to set up a Partnership firm as it has fewer legal and compliance obligations. The partnership firm requires a partnership deed to establish its operation. Financially, a partnership can be started with zero paid up capital as there is no minimum capital required for incorporating a partnership firm.</p>\n\n\n\n<ul><li><strong>Ownership Rights</strong></li></ul>\n\n\n\n<p>The Partnership Agreement lays down the roles, responsibilities and profit sharing provisions of the firm. Each partner has to play his part in running the firm. The agreement demarcates the powers, rights and responsibilities of each partner. It ensures the protection of rights and prevents disputes.</p>\n\n\n\n<p><strong>RIGHTS OF PARTNERS</strong></p>\n\n\n\n<ul><li><strong>Right to Participate in conduct of Business</strong></li></ul>\n\n\n\n<p>Every Partner has the Right to participate and conduct the business. The partnership deed can allow few partners to participate in the business and curtail the right of other partners.</p>\n\n\n\n<ul><li><strong>Right to share profits</strong></li></ul>\n\n\n\n<p>The profit sharing ratio is equally distributed among all the partners. Each partner is entitled to receive his share of profit.</p>\n\n\n\n<ul><li><strong>Right to be consulted</strong></li></ul>\n\n\n\n<p>The Partners manage the partnership firm; they take important decisions regarding the firm. During decision making every partner has to be consulted as each partner has the right to express their opinion regarding the issue.</p>\n\n\n\n<ul><li><strong>Right to inspect books of accounts</strong></li></ul>\n\n\n\n<p>This right is available to all the Active and Dormant Partners of the Partnership Firm. Each partner can access and inspect the books of accounts of the business.</p>\n\n\n\n<p><strong>NEED HELP WITH REGISTRATION OF PARTNERSHIP FIRM?</strong></p>\n\n\n\n<p>ezyLegal can help you register and incorporate your Firm and provide you with the right legal guidance. You can schedule your Consultation with an ezyLegal Lawyer and know the detailed process and advantages of registering your Firm.</p>\n","id":"cG9zdDo4ODA=","author":{"id":"dXNlcjox","name":"ezylegal","avatar":{"url":"https://secure.gravatar.com/avatar/49098dd32f92b12a2baf46ff2a143063?s=96&d=mm&r=g"}},"title":"All you need to know about Partnership Firm","excerpt":"<p>Starting a business is often a tedious task, having a partner or a team helps ease the burden of establishing a business. A partnership firm is a business where two or more people agree to be in a business as partners or co owners. The partners divide different roles and responsibilities among themselves to ensure&hellip; <a class=\"more-link\" href=\"https://cms.ezylegal.in/blog/2021/07/20/all-you-need-to-know-about-partnership-firm/\">Continue reading <span class=\"screen-reader-text\">All you need to know about Partnership Firm</span></a></p>\n","categories":[{"id":"dGVybTo1Mw==","slug":"business-registration","name":"Business Registration"},{"id":"dGVybTo0NQ==","slug":"legal-consultation","name":"Legal Consultation"}]},{"slug":"how-to-register-a-private-limited-company-in-india","featuredImage":{"title":"pexels-sevenstorm-juhaszimrus-443383","databaseId":878,"sourceUrl":"https://cms.ezylegal.in/wp-content/uploads/2021/07/pexels-sevenstorm-juhaszimrus-443383.jpg"},"tags":[{"id":"dGVybTo1MQ==","slug":"business-registration","name":"business registration"},{"id":"dGVybTo1OA==","slug":"private-limited-company","name":"private limited company"}],"seo":{"description":null,"keywords":null,"robot":null},"date":"2021-07-20T06:09:21","content":"\n<p>India has seen tremendous growth in the business sector. When you start a business it is necessary you register your company to legalize its operations. Registration offers certain benefits and tax exemptions to a registered company.&nbsp; Private Limited Company registration is governed by the Indian Companies Act, 2013. The Act was enacted by the Ministry of Corporate Affairs. It provides rules for incorporation and registration of a Private Limited Company.&nbsp;</p>\n\n\n\n<p><strong>WHAT IS A PRIVATE LIMITED COMPANY?</strong></p>\n\n\n\n<p>A Private Limited Company is one of the many types of companies registered and governed under the Companies Act. It is a privately held small business entity. It does not trade its shares to the public.&nbsp;</p>\n\n\n\n<p>The section 2(68) of the companies Act defines Private Limited Company as a company &nbsp;having a minimum&nbsp;paid-up capital&nbsp;of any amount or such higher paid up share capital&nbsp; as may be prescribed.&nbsp;</p>\n\n\n\n<p>A Private Limited Company Registration offers numerous benefits. As the company is governed by Companies Act it has to follow certain rules and procedures.&nbsp;</p>\n\n\n\n<p><strong>REQUIREMENTS OF A PRIVATE LIMITED COMPANY</strong></p>\n\n\n\n<p>To incorporate a Private Limited Company it is important to fulfill the following requirements-</p>\n\n\n\n<ul><li><strong>Number Of Members</strong></li></ul>\n\n\n\n<p>A Private Limited Company should consist of a minimum of two shareholders to complete the registration process. It should have a minimum of two and a maximum of 200 members.</p>\n\n\n\n<ul><li><strong>Number of directors&nbsp;</strong></li></ul>\n\n\n\n<p>A Private Limited Company should have a minimum of two directors. Each such director shall possess a Director Identification Number (DIN).&nbsp; The Companies Act, 2013 allows a maximum of 15 directors to be part of the company. A director should be a person of sound mind who has attained the age of eighteen years. Nationality is no bar to appoint a Director<strong>.</strong></p>\n\n\n\n<ul><li><strong>Paid up Capital</strong></li></ul>\n\n\n\n<p>A paid up capital is nothing but the amount raised by the company to issue its shares. The paid up Capital indicates the dependence of the company on equity for its financing. After the amendment in the Companies Act, 2013, under the new Companies (Amendments) Act, 2015 there is no minimum limit of Paid-up capital to form a Private Limited Company but the Authorized capital of minimum Rs. 1 lakh is mandatory.&nbsp;</p>\n\n\n\n<ul><li><strong>Documentation&nbsp;</strong></li></ul>\n\n\n\n<ol><li>PAN</li><li>Government ID proof &#8211; Voters’ ID or passport&nbsp;</li><li>Bank statement</li><li>Passport size photograph</li><li>Electricity bills</li><li>Latest bank statement</li></ol>\n\n\n\n<p><strong>ONLINE REGISTRATION PROCEDURE FOR PRIVATE LIMITED COMPANY</strong></p>\n\n\n\n<ol><li>A Digital Signature Certificate or DSC is an essential prerequisite for Company registration. It is the electronic format of a physical certificate. It is essential to obtain a Digital Signature Certificate for Private Limited Company Registration.&nbsp;</li><li>It is important to choose a company name which is unique to its niche and represents the brand.&nbsp; The applicant has to file an application to reserve the company name. The application can be made using the website named RUN (Reserve Unique Name). Once the MCA approves the application, the name is reserved for a period of 20 days.&nbsp;</li><li>The documentation is the most important part of the Private Limited Company Registration procedure. Memorandum of Association and Article of Association lays down the structure, function and other details of the company. It is important to have a well drafted MoA and AoA for the registration process.&nbsp;</li><li>It is necessary to submit the required documents and SPICe Form on the MCA portal within 20 days of receiving the approval for company name reservation. The SPICe Form INC-32 (Simplified Proforma for Incorporating Company Electronically) helps in incorporation of a company by the use of a single application.</li><li>Once the application is filed along with the registration fees. The Central Registration Centre (CRC)&nbsp;verifies the application. If the application is approved the applicant receives the Certificate of Incorporation.</li></ol>\n\n\n\n<p><strong>ADVANTAGES OF A PRIVATE LIMITED COMPANY</strong></p>\n\n\n\n<ul><li><strong>LIMITED LIABILITY&nbsp;</strong></li></ul>\n\n\n\n<p>Private limited companies are a separate legal entity to their shareholders and directors. In a private limited company, the liability of each member or shareholder is limited. This protects the interest of all the members involved in the company.</p>\n\n\n\n<ul><li><strong>PERPETUAL SUCCESSION</strong></li></ul>\n\n\n\n<p>Perpetual succession&nbsp;means that the&nbsp;company&nbsp;continues its existence even if any owner or member dies, goes bankrupt, exits from the business and transfers his shares.&nbsp;With perpetual succession the company becomes a safe place for investments and assures the investors the return on their money.</p>\n\n\n\n<ul><li><strong>NO MINIMUM CAPITAL</strong></li></ul>\n\n\n\n<p>Raising a capital for the company is a humongous task; but at the same time it is easy to raise a capital for a Private Limited Company. It can be started with zero paid up capital as there is no minimum capital required for incorporating a private limited company.&nbsp;</p>\n\n\n\n<ul><li><strong>Increased borrowing capacity</strong></li></ul>\n\n\n\n<p>A private limited company has more opportunities to secure investment and funding.&nbsp; A private limited company receives better financial benefits and assistance than a partnership firm or proprietorship.</p>\n\n\n\n<ul><li><strong>Governance&nbsp;</strong></li></ul>\n\n\n\n<p>A Private Limited Company is governed by The Companies Act, 2013. The Act has provisions for the entire procedure of incorporation. It ensures that the company follows and complies with the requirements and norms.</p>\n\n\n\n<p><strong>ARE YOU PLANNING TO REGISTER YOUR PRIVATE LIMITED COMPANY?&nbsp;</strong></p>\n\n\n\n<p>ezyLegal can help you register and incorporate your Company and provide you with the right legal guidance. You can schedule your Consultation with an ezyLegal Lawyer and know the detailed process and advantages of registering your company.</p>\n","id":"cG9zdDo4NzY=","author":{"id":"dXNlcjox","name":"ezylegal","avatar":{"url":"https://secure.gravatar.com/avatar/49098dd32f92b12a2baf46ff2a143063?s=96&d=mm&r=g"}},"title":"How to Register a Private Limited Company in India?","excerpt":"<p>India has seen tremendous growth in the business sector. When you start a business it is necessary you register your company to legalize its operations. Registration offers certain benefits and tax exemptions to a registered company.&nbsp; Private Limited Company registration is governed by the Indian Companies Act, 2013. The Act was enacted by the Ministry&hellip; <a class=\"more-link\" href=\"https://cms.ezylegal.in/blog/2021/07/20/how-to-register-a-private-limited-company-in-india/\">Continue reading <span class=\"screen-reader-text\">How to Register a Private Limited Company in India?</span></a></p>\n","categories":[{"id":"dGVybTo1Mw==","slug":"business-registration","name":"Business Registration"},{"id":"dGVybTo0NQ==","slug":"legal-consultation","name":"Legal Consultation"}]},{"slug":"step-by-step-guide-to-obtain-fssai-registration-in-india","featuredImage":{"title":"pexels-pixabay-262978","databaseId":908,"sourceUrl":"https://cms.ezylegal.in/wp-content/uploads/2021/07/pexels-pixabay-262978.jpg"},"tags":[{"id":"dGVybTo1Ng==","slug":"business","name":"Business"},{"id":"dGVybTo0OQ==","slug":"fssai","name":"FSSAI"},{"id":"dGVybTo1NQ==","slug":"license","name":"License"},{"id":"dGVybTo1NA==","slug":"registration","name":"Registration"}],"seo":{"description":null,"keywords":null,"robot":null},"date":"2021-07-20T06:06:31","content":"\n<p>The Food Safety and Standards Authority of India or FSSAI&nbsp;is the regulatory body established by the Government of India. It regulates and monitors food safety standards in India. All food business operators and owners have to register with FSSAI and obtain the FSSAI License.</p>\n\n\n\n<p>The FSSAI License ensures that Food Business Operators are following best safety and hygiene practices. The registration grants a 14-digit registration or a license number to the business operator. The 14 digit number is printed on all food packages.</p>\n\n\n\n<p><strong>Types of FSSAI Registration –</strong></p>\n\n\n\n<p>There are three types of FSSAI registrations. The three categories are further divided into Central and state registration. It provides eligibility criteria to apply for license to different Food Business Operators</p>\n\n\n\n<ul><li><strong>Basic FSSAI Registration&nbsp;</strong></li></ul>\n\n\n\n<p>The small scale manufacturers, storage units, transporters, retailers, marketers, distributors are required to obtain the Basic Registration. The FSSAI Registration is issued by the state government depending on eligibility criteria.</p>\n\n\n\n<ul><li><strong>Central FSSAI Registration</strong></li></ul>\n\n\n\n<p>The Import -Export Oriented Units, large manufacturers, Central Government agencies, airports, ports are required to obtain a Central Food License.&nbsp;The units shall have an annual turnover greater than 20 Crores. The license is issued by the Central Government and is valid for up to 5 years.</p>\n\n\n\n<ul><li><strong>State FSSAI Registration</strong></li></ul>\n\n\n\n<p>The small to medium-sized manufacturers, storage units, transporters, retailers, marketers and distributors are required to obtain the FSSAI State Registration. A Food Business Operator with an annual turnover of more than 12 lakhs is eligible to obtain the State License. The License is valid for up to 5 years.</p>\n\n\n\n<p><strong>WHO CAN OBTAIN THE FSSAI LICENSE OR REGISTRATION?</strong></p>\n\n\n\n<p>The eligibility criterion to apply varies for State Registration and Central Registration. It is based on factors like turnover, production capacity, state and premises. Following establishments and FBOs are eligible to obtain FSSAI License:</p>\n\n\n\n<ul><li>Any individual who distributes food in any religious or social gathering.</li><li>Cottage industries operate on a small scale.</li><li>Stall for food sale</li><li>Restaurants, Dhaba, Bars and PG providing food.</li><li>Wholesaler, supplier, distributor and marketer of food products.</li><li>Canteen and Cafeterias</li><li>Dairy units, including milk chilling units that are equipped to handle or process milk from 501 litres per day (LPD) to 50,000 LPD or 2.5 million ton of milk solids per annum.&nbsp;</li><li>Vegetable oil processing units&nbsp;</li><li>Units for Vegetable oil solvent extraction and refineries, which include oil expeller unit that produces up to 2 MT per day or have an annual turnover of Rs 12 lakh and above.&nbsp;</li><li>Slaughtering units that a have a capacity in case of large animals of more than 2 and up to 50</li><li>Slaughtering units for small animals that have a capacity of more than 10 or up to 150.</li><li>Slaughtering units for poultry birds with capacity of more than 50 and up to 1000 per day.&nbsp;</li><li>Meat processing units that have a capacity of up to 500 kg of meat per day or of 150 MT per annum.</li></ul>\n\n\n\n<p><strong>Documents required for FSSAI Registration or License-</strong></p>\n\n\n\n<ul><li>Form B&nbsp;</li><li>Plan of the processing unit&nbsp; &nbsp;&nbsp;</li><li>List of Directors or Partners</li><li>Name and list of equipment and machinery</li><li>List of foods to be manufactured</li><li>Analysis report of water&nbsp;</li><li>Source of raw material&nbsp;</li><li>Ministry of Commerce Certificate for 100% EOU in case of Central Registration</li><li>NOC issued by FSSAI</li><li>Form IX</li><li>Certificate from Ministry of Tourism in case of Central Registration &nbsp;</li><li>Proof of possession of premises</li><li>Partnership deed</li><li>NOC&nbsp; the manufacturer</li></ul>\n\n\n\n<p><strong>ONLINE REGISTRATION PROCEDURE TO OBTAIN FSSAI FOOD LICENSE –</strong></p>\n\n\n\n<ol><li>FBOs that operate on a small scale shall submit FORM A along with all the required documents on the official website. They are required to pay a Registration fee of Rs. 100.</li><li>The applicant receives UARN (Unique Application Reference Number) after submitting the online form.</li><li>The Food and Safety Authority may reject or grant the FSSAI registration within 7 days of submitting the form. If rejected the authority has to record the reason for rejection.</li><li>The Authorities conduct an inspection of the premises. The inspection ensures that the premise is following standard health and safety guidelines. The inspection is conducted within 30 days after the submission of the online form.</li><li>The Registering Authority issues the FSSAI Registration Certificate after completing the inspection of the premises.</li></ol>\n\n\n\n<p><strong>PENALTIES FOR VIOLATION OF FSSAI REGULATORY GUIDELINES-</strong></p>\n\n\n\n<ul><li>FBOs or business owners that operate, manage, manufactures, sells, and distributes stores or imports food products without acquiring the FSSAI Registration or License are subject to punishment as per provisions of the Act. Any such person or company can be punished with an imprisonment up to six months or a fine which may be up to Rs. 5 Lakh.</li><li>Any Person or company involved or engages in storage, selling, distributing or importing food articles that have been misbranded shall be punished with a fine of up to Rs.3 Lakh.</li><li>Any Person or company involved in Sell of sub-standard quality of food and Non-compliance of FSSAI Requirements is punishable with fine of up to Rs.5 Lakh.</li></ul>\n\n\n\n<p><strong>BENEFITS OF FSSAI LICENSE OR REGISTRATION-</strong></p>\n\n\n\n<p>The Food Safety and Standards&nbsp;Act&nbsp;(FSS), 2006 is the legislation that governs Food Safety regulations in India. The FSSAI has different laws for labeling and packaging of food products. The Food Safety and Standards (Packaging and Labeling) Regulations 2011 provides regulatory guidelines for Labeling and packaging.</p>\n\n\n\n<ul><li>The new age consumer is aware and mindful of their consumption. A license provides credibility to the establishment. It improves customer relations and business.</li><li>The FSSAI license is a certificate of quality. A license is granted after tedious verification and inspection.</li><li>The FSSAI license regulates all the processes involved in the food industry. It streamlines the production, manufacturing and distribution of goods.</li></ul>\n\n\n\n<p><strong>WANT TO START A FOOD BUSINESS IN INDIA?&nbsp;</strong></p>\n\n\n\n<p>ezyLegal can help you get your FSSAI license and provide you with the right legal guidance. You can schedule your Consultation with an ezyLegal Lawyer and know the detailed process and advantages of registering for FSSAI license.</p>\n\n\n\n<p></p>\n","id":"cG9zdDo4NzM=","author":{"id":"dXNlcjox","name":"ezylegal","avatar":{"url":"https://secure.gravatar.com/avatar/49098dd32f92b12a2baf46ff2a143063?s=96&d=mm&r=g"}},"title":"Step by Step guide to obtain FSSAI registration in India","excerpt":"<p>The Food Safety and Standards Authority of India or FSSAI&nbsp;is the regulatory body established by the Government of India. It regulates and monitors food safety standards in India. All food business operators and owners have to register with FSSAI and obtain the FSSAI License. The FSSAI License ensures that Food Business Operators are following best&hellip; <a class=\"more-link\" href=\"https://cms.ezylegal.in/blog/2021/07/20/step-by-step-guide-to-obtain-fssai-registration-in-india/\">Continue reading <span class=\"screen-reader-text\">Step by Step guide to obtain FSSAI registration in India</span></a></p>\n","categories":[{"id":"dGVybTo1Mw==","slug":"business-registration","name":"Business Registration"}]},{"slug":"all-about-gift-deed","featuredImage":{"title":"pexels-pixabay-48148","databaseId":870,"sourceUrl":"https://cms.ezylegal.in/wp-content/uploads/2021/07/pexels-pixabay-48148.jpg"},"tags":[{"id":"dGVybTo0OA==","slug":"gift-deed","name":"gift deed"},{"id":"dGVybTo1OQ==","slug":"legal-documents","name":"legal documents"},{"id":"dGVybTo2MA==","slug":"property","name":"property"}],"seo":{"description":null,"keywords":null,"robot":null},"date":"2021-07-20T06:02:51","content":"\n<p><strong>What is a Gift?</strong></p>\n\n\n\n<p>A gift is a voluntary transfer of property (movable or immovable) from one person to another without consideration. In case of gift, the person transferring the property is known as the donor and the person accepting the gift is known as the done. The gift to be legally valid must be accepted by or on behalf of the done during the lifetime of the donor and while he is still capable of giving. The essential elements of a valid gift are:</p>\n\n\n\n<ol><li>There must be a transfer of ownership</li><li>Transfer should be made of an Existing property</li><li>Transfer should be made without consideration</li><li>The donor transfers the property voluntarily with free consent</li><li>The gift must be accepted by the done during the lifetime of the donor</li></ol>\n\n\n\n<p><strong>Modes of making gift</strong></p>\n\n\n\n<p>Depending on the nature of the property to be transferred, the law prescribes two modes for effecting a gift.&nbsp; In case of transfer of immovable property by way of gift, registration is necessary irrespective of the value of the property, that means a gift deed is prepared in which the details of the transaction are documented which is signed by the donor and attested by two competent witnesses and duly stamped and registered.&nbsp;</p>\n\n\n\n<p>In case of transfer of movable property, it can be transferred by the delivery of possession, that means the gift is complete once the subject matter of gift is handed over to the donee. Gift deed of movable property is option. Valuation of the property does not affect the validity of the gift of movable property effected by delivery of possession.&nbsp;</p>\n\n\n\n<p><strong>Why the need of a gift deed?</strong></p>\n\n\n\n<p>A gift deed is an instrument by way of which property is transferred by way of gift from one person to the other. A gift deed is a preferred mode of transfer so as to avoid any litigation arising out of succession or inheritance claims. A registered gift deed is an evidence in itself that the property mentioned therein has been transferred way of gift from the donor to the done.&nbsp;</p>\n\n\n\n<p><strong>Important Clauses to be incorporated in a Draft Gift Deed:</strong></p>\n\n\n\n<p>A draft gift deed must include the following details:</p>\n\n\n\n<ol><li>The date on&nbsp; which the deed is executed&nbsp;</li><li>Place at which the deed is registered</li><li>Names of the donor and the donee, their address, date of birth and the relationship between the donor and the donee</li><li>Signatures of the donor and the donee</li><li>Complete details about the property to be transferred as gift</li><li>Any rights or liabilities attached to the gift should be mentioned in the gift deed</li><li>Clause for Consideration must be mentioned in the Gift Deed. It should be mentioned that there is no exchange of money or any other type of consideration involved. It should be clearly mentioned that the transfer of property is being made out of love and affection.&nbsp;</li><li>The gift deed should clearly mention that the transfer is voluntary and the transferor has a very clear intention making the transfer of the property</li><li>A clause specifying the rights of Donee must be included.&nbsp;</li><li>The details of the delivery of possession whether it would be expressed or implied, must also be mentioned</li><li>To be cautious, it is advisable to include a revocation clause in the gift deed to avoid any kind of future issues/litigation complications</li><li>Two witnesses and their signatures to be affixed in the gift deed</li><li>The gift deed must be printed on stamp paper after paying the required amount which would be calculated based on the valuation of the property</li><li>Lastly the deed should be registered at the registrar or sub-registrar’s office</li></ol>\n\n\n\n<p><strong>Documents required for gift deed registration</strong></p>\n\n\n\n<p>For transfer of a property through gift deed, the following documents are required at the time of registration:</p>\n\n\n\n<ol><li>Aadhar Card of the parties</li><li>Id Proofs, like PAN, Driver License, Passport, etc;</li><li>PAN card of both the parties&nbsp;</li><li>Original Gift Deed&nbsp;</li><li>Sale deed or other original document to prove the title of the donor to the Property</li><li>The Encumbrance Certificate, if any</li><li>Any other agreements pertaining to the property</li><li>Other documents/materials as may be required as per the requirements of the law of the place of registration</li></ol>\n\n\n\n<p><strong>Stamp Duty payable for registering a gift deed</strong></p>\n\n\n\n<p>Stamp duty has to be paid for registering the gift deed. Stamp duty varies from state to state.&nbsp;</p>\n\n\n\n<p><strong>Whether Gift Deed be challenged in court?</strong></p>\n\n\n\n<p>A Gift Deed can be challenged in court if the deed was made under threat, coercion, fear or against the will of the donor.</p>\n\n\n\n<p><strong>Whether Gift Deed property can be sold?</strong></p>\n\n\n\n<p>The property received under Gift Deed can be sold provided, the property is transferred without any condition as to the further sale of the property.&nbsp;&nbsp;&nbsp;</p>\n\n\n\n<p><strong>Draft Gift Deed&nbsp;</strong></p>\n\n\n\n<p>Draft of Immovable property is given below. The draft gift deed of movable property and the draft gift deed of ancestral property would be on the same lines. There would be certain changes with regard to the description of the property and the mode of delivery of the property.</p>\n\n\n\n<p>THIS DEED OF GIFT is made at …….. this …….. day of.. ….. between ……. hereinafter referred to as ‘the Donor’ of the One Part and ……. hereinafter referred to as ‘the DONEE’, of the Other Part.</p>\n\n\n\n<p>WHEREAS the Donor is seized and possessed of the land and premises situate at ……… and more particularly described in the Schedule hereunder written.</p>\n\n\n\n<p>AND WHEREAS the DONEE is related to the Donor as ……..</p>\n\n\n\n<p>AND WHEREAS the Donor desires to grant the said land and premises to the DONEE as gift in consideration of natural love and affection as hereinafter mentioned ‘</p>\n\n\n\n<p>AND WHEREAS the DONEE has agreed to accept the gift as is evidenced by his executing these presents.</p>\n\n\n\n<p>AND WHEREAS the market value of the said property his estimated to be Rs …..</p>\n\n\n\n<p>NOW THIS DEED WITNESSETH that the Donor without any monetary consideration and in consideration of natural love and affection, which the Donor bears to the DONEE, doth hereby grant and transfer by way of gift the said land and premises situate at ….. and more particularly described in the Schedule hereunder written together with all and singular the buildings, and structures. thereon and all the things permanently attached thereto or standing thereon and all the liberties, privileges casements and advantages appurtenant thereto And all the estate, right, title, interest use, Inheritance, possession. benefit, claims and demand whatsoever of the Donor To Have And To Hold the same unto and to the use of the DONEE absolutely but subject to the payment of all taxes, rates, assessments, dues and duties now and hereafter chargeable thereon to the Government or Municipality or other Local Authority.</p>\n\n\n\n<p>AND he the Donor doth hereby covenants with the DONEE;</p>\n\n\n\n<p>(a) That the Donor now has in himself, good right, full power and absolute authority to grant the said piece of land and other the premises hereby granted as gift in the manner aforesaid.</p>\n\n\n\n<p>(b) The DONEE may at all times hereafter peaceably and quietly enter upon have occupy. possess and enjoy the said piece of land and premises and receive the rents, Issues, and profits and rents thereof and every part thereof to and for his own use and benefit without any suit, lawful eviction, interruption, claim or demand whatsoever from or by the Donor or his heirs, executors, administrators and assigns or any person or persons lawfully claiming or to claim by, from, under or in trust for the Donor.</p>\n\n\n\n<p>(c) That the said land and premises are free and clear and freely and clearly and absolutely and forever released and discharged or otherwise by the Donor and well and sufficiently saved, kept harmless and Indemnified of and from and against all former and other estate, titles, charges and encumbrances whatsoever, had made, executed, occasioned or suffered by the Donor or by any other person or persons lawfully claiming or to claim by. from, under or in trust for the Donor.</p>\n\n\n\n<p>(d) AND FURTHER that the Donor and all persons having or lawfully claiming any estate or Interest whatsoever to the said land and premises or any part thereof from under or in trust for the Donor or his heirs, executors. administrators and assigns or any of them shall and will from time to time and at all times hereafter at the request and cost of the DONEE do and execute or cause to be done and executed all such further and other acts, deeds, things, conveyances and assurances in law whatsoever for better and more perfectly assuring the said land and premises and every part thereof unto and to the use of the DONEE in the manner aforesaid as by the DONEE, his heirs, executors, administrators and assigns or counsel in law shall be reasonably required.</p>\n\n\n\n<p>IN WITNESS WHEREOF the Donor as well as the DONEE (by way of acceptance of the said gift) have put their respective hands the day and year first hereinabove written.</p>\n\n\n\n<p>THE SCHEDULE ABOVE REFERRED TO</p>\n\n\n\n<p>Signed and Delivered by the within named Donor …….. in the presence of …….</p>\n\n\n\n<p>Signed by within named DONEE …….. In the presence of …….</p>\n\n\n\n<p>1……………</p>\n\n\n\n<p>2……………</p>\n","id":"cG9zdDo4Njk=","author":{"id":"dXNlcjox","name":"ezylegal","avatar":{"url":"https://secure.gravatar.com/avatar/49098dd32f92b12a2baf46ff2a143063?s=96&d=mm&r=g"}},"title":"All about Gift Deed","excerpt":"<p>What is a Gift? A gift is a voluntary transfer of property (movable or immovable) from one person to another without consideration. In case of gift, the person transferring the property is known as the donor and the person accepting the gift is known as the done. The gift to be legally valid must be&hellip; <a class=\"more-link\" href=\"https://cms.ezylegal.in/blog/2021/07/20/all-about-gift-deed/\">Continue reading <span class=\"screen-reader-text\">All about Gift Deed</span></a></p>\n","categories":[{"id":"dGVybTo0NQ==","slug":"legal-consultation","name":"Legal Consultation"},{"id":"dGVybTo1Mg==","slug":"legal-documents","name":"Legal Documents"}]},{"slug":"a-guide-to-everything-about-child-custody-in-india","featuredImage":{"title":"pexels-yan-krukov-6209449","databaseId":863,"sourceUrl":"https://cms.ezylegal.in/wp-content/uploads/2021/07/pexels-yan-krukov-6209449.jpg"},"tags":[{"id":"dGVybTo0Ng==","slug":"child-custody","name":"Child Custody"},{"id":"dGVybTo0Nw==","slug":"family-law","name":"Family Law"}],"seo":{"description":null,"keywords":null,"robot":null},"date":"2021-07-20T05:29:25","content":"\n<p>We&#8217;ve often seen that many movies take this matter of child custody as the centre of their storyline and use it in showing how parents separating becomes a burning issue for a child. Situations in which the problem of custody arises is generally in places of divorce and there are proper child custody lawyers who are assigned to undertake this job. Thus keeping in mind the physical, healthcare, medical and lifestyle development of a child, custody for the child is offered to that parent who is deemed to be fit for that particular job and can meet the needs to end.</p>\n\n\n\n<p><strong>When is child custody awarded?</strong></p>\n\n\n\n<p>Usually, the matters of child custody arise only when a couple is getting divorced and it is the separating couple who can claim the custody of their child. There are many cases when either of the parents is unable to take custody of the child due to some of the legal obligations. In such a situation either the grandparents from the maternal or paternal side can claim the custody of the day grandchild. It is still all up to the decision making off the family court. if they feel there is enough reason to award that custody to the grandparents or some relative, They will do it taking proper caution and care.</p>\n\n\n\n<p><strong>Factors that determine the welfare of a child?</strong></p>\n\n\n\n<p>Family court has a big task of determining if the parent or the person seeking custody is the best suitable option for nurturing the Childs future. These are some major parameters under which the questions regarding the welfare of a child are decided:</p>\n\n\n\n<ul><li>Taking into consideration if proper education will be provided to the kid.</li><li>To see if a proper safe and nurturing environment is available for the developmental growth of the child’s capabilities.</li><li>Ethical upbringing also plays a very vital role in reckoning whether child welfare is taken into consideration or not.</li><li>Financial stability is the last parameter that is considered while deciding on granting child custody after divorce.</li></ul>\n\n\n\n<p><strong>What are some of the major forms of child custody?</strong></p>\n\n\n\n<p>Indian legal system recognises four major forms of child custody and they are as follows:</p>\n\n\n\n<p>Physical custody</p>\n\n\n\n<p>This is one of the most common and sorted ways of granting custody. Here one of the parents is granted full guardianship of the child and the other parent can take some time to time visits decided by the court. This is one of the major ways in which people can a certain if the child is getting the love and attention of both of his or her parents.</p>\n\n\n\n<p>Joint custody:</p>\n\n\n\n<p>In this situation, as the name suggests, custody is allowed to both of the parents from time to time. Joint custody Believe in the phenomena of not sharing marital ties but being able to take proper care of their kids with equal sharing hours. This can be regarded as one of the best solutions to nodular Child&#8217;s future and make sure they are not devoid of their parents love and attention. This proper arrangement that the family court decides on and both of the parents have to agree on it.</p>\n\n\n\n<p>Third-party custody:</p>\n\n\n\n<p>The need for such kind of custody arises when the family court is under the impression neither of the parents is capable of raising their kids in a very fruitful manner. The other decide on giving the custody to their grandparents or some of the relatives who have the proper amenities and love for that child.</p>\n\n\n\n<p>Sole custody:</p>\n\n\n\n<p>Under this type of custody, all the rights are reserved to one of the biological parents and other parents cannot visit their child. The reason why this custody is taken into consideration is that either of their parents has a history of being an abusive parent and being around such kind of environment can hamper the growth of the child. Under this type of custody no right whatsoever is awarded to the parent who is not granted sole custody.</p>\n\n\n\n<p><strong>How to win child custody for mothers in India?</strong></p>\n\n\n\n<p>When we take presidents into consideration, we will see that historically child custody has been awarded more to mothers than fathers. So, if you are preparing all your documents for seeking child custody then the chances of getting child custody are equal to that of a father. What you need to make sure is that all the documents and evidence that you have collected are on point. Make sure you highlight that you have the best interest of your child and his or her future. So the answer to the question of how to win child custody for mothers in India is the same as to how to win child custody for fathers in India because Indian laws are gender neutral and they only see with the eyes of law and documents presented right in front of them.</p>\n\n\n\n<p><strong>Conclusion:</strong></p>\n\n\n\n<p>Child custody in India is heavily dependent upon personal laws and the kind of documents and evidence you present in front of them. The guardians and wards act 1890 is the governing London that makes sure who will get the divorce child custody. The court will always prefer granting custody to their parents instead of a third party because child welfare is kept at the centre of reckoning who will get the custody of the child after a divorce.<br><br></p>\n","id":"cG9zdDo4NDU=","author":{"id":"dXNlcjox","name":"ezylegal","avatar":{"url":"https://secure.gravatar.com/avatar/49098dd32f92b12a2baf46ff2a143063?s=96&d=mm&r=g"}},"title":"A guide to everything about child custody in India","excerpt":"<p>We&#8217;ve often seen that many movies take this matter of child custody as the centre of their storyline and use it in showing how parents separating becomes a burning issue for a child. Situations in which the problem of custody arises is generally in places of divorce and there are proper child custody lawyers who&hellip; <a class=\"more-link\" href=\"https://cms.ezylegal.in/blog/2021/07/20/a-guide-to-everything-about-child-custody-in-india/\">Continue reading <span class=\"screen-reader-text\">A guide to everything about child custody in India</span></a></p>\n","categories":[{"id":"dGVybTo0NA==","slug":"child-custody","name":"Child Custody"},{"id":"dGVybTo0NQ==","slug":"legal-consultation","name":"Legal Consultation"}]},{"slug":"what-you-should-know-about-the-child-custody-laws-in-india","featuredImage":{"title":"pexels-meruyert-gonullu-7499398","databaseId":844,"sourceUrl":"https://cms.ezylegal.in/wp-content/uploads/2021/07/pexels-meruyert-gonullu-7499398.jpg"},"tags":[{"id":"dGVybTo0Ng==","slug":"child-custody","name":"Child Custody"},{"id":"dGVybTo0Nw==","slug":"family-law","name":"Family Law"}],"seo":{"description":null,"keywords":null,"robot":null},"date":"2021-07-18T11:48:53","content":"\n<p>Inevitable circumstances cause some marriages to break and force couples to part ways from each other. Some marriages end peacefully with mutual understanding and some with a chaotic mess. But no matter how it ends, it is the child who suffers the most. Caught in this tug of war of custody battles between both the parents and endless arguments with child custody lawyers, the child ends up feeling mentally stressed and out of place.</p>\n\n\n\n<p>The Indian Law takes this into account and weighs in more towards the benefit of the child. The age-old perception that the mother is the natural guardian of the child is now invalid as the laws have changed over the years. More importance is now given to the welfare of the child rather than which parent has been able to put up a stronger fight. Child custody is not the ‘right of the parent’ anymore. It is, however, a ‘right of the child.’</p>\n\n\n\n<p>The parent who can keep the child safe and best attend to the child’s emotional, educational, and medical needs has a higher chance to gain custody of the child.</p>\n\n\n\n<p><strong>Which parent can apply for child custody?</strong></p>\n\n\n\n<p>Both the parents have the right to apply for the custody of the child. However, who finally gets it is a decision that is in the court’s hands. The Guardians and Wards Act, 1890 gives complete power to the court to decide the most suitable guardian for the child.</p>\n\n\n\n<p>It is important to remember that the earning capacity of a parent is not the deciding factor when it comes to handing out the custody of a child. The court carefully analyses the capacity of a parent to provide a safe and secure environment for a child. A non-earning mother may not be entirely barred from custody if she can provide a better environment for raising the child. This is compensated by asking the earning father to provide child support.</p>\n\n\n\n<p><strong>How is the custody of a minor decided?</strong></p>\n\n\n\n<p>The Supreme Court has always emphasized that irrespective of the arguments put forward by the parents it is ultimately the welfare of the child that is given the most significance when deciding custody. The mother is given preference when deciding the custody of a child who is less than five years old. But that doesn’t mean that once the child has attained a particular age the father gets undisputed rights either. The child’s opinion is taken into account when the court makes decisions about these issues.</p>\n\n\n\n<p>When the custody of a child is given to a parent the court takes care that the other parent is not prohibited from keeping in touch with the child. The Indian Law ensures that the child receives the care and attention of both parents. The other parent is given the visitations rights, the conditions for which are decided by the court.</p>\n\n\n\n<p><strong>Types of Child Custody in India</strong></p>\n\n\n\n<p>There are three main types of child custody:</p>\n\n\n\n<ul><li>Legal Custody</li><li>Physical Custody</li><li>Joint Custody</li></ul>\n\n\n\n<p><strong>Legal Custody</strong></p>\n\n\n\n<p>Legal custody of a child means the right to make decisions about the child’s upbringing and well-being. The parent who has legal custody has the right to make all the decisions from where the child will study to the doctor who will treat the child. It does not necessarily mean that the child will live with the legal custodian but the decisions for the child will be made by them.</p>\n\n\n\n<p>Legal custody is usually given to both parents where they have the right to share the responsibility among themselves and to make mutual decisions until the child has reached the age of 18. In messy divorce cases, situations may arise where only one parent is given the right to make all these important decisions.</p>\n\n\n\n<p><strong>Physical Custody</strong></p>\n\n\n\n<p>Giving physical custody of a child to a parent means the child will live with them under their guardianship and the other parent will be allotted periodic visits. This is done to ensure that the child is brought up in a safe and fulfilling environment but receives affection from both parents.</p>\n\n\n\n<p><strong>Joint Custody</strong></p>\n\n\n\n<p>Joint custody is where the child lives with both the parents alternately according to the timetable allotted by the court. The duration of stay may vary between days, weeks, or months. This helps the child get the affection of both parents while the parents may also consider themselves playing an active part in the child’s life.</p>\n\n\n\n<p><strong>Who are eligible for child custody?</strong></p>\n\n\n\n<p>Both the parents have the right to gain primary custody of the child. But in circumstances where either of the two is not in a position to claim the right, due to death or any other law that prohibits them, then any relatives can seek the right to custody. In some cases, the court may appoint a third person as the guardian of the child. In India, child custody is governed by the Guardian and Wards Act, 1890 which has been made by giving utmost importance to the welfare of the child above anything else. The opinion of the child matters just as much as all the other factors while making decisions and the court is the final deciding entity in this. Though the Guardian and Wards Act, 1890 is the universal law involving child custody, under some secular principles, laws of different religions are also considered.</p>\n","id":"cG9zdDo4NDA=","author":{"id":"dXNlcjox","name":"ezylegal","avatar":{"url":"https://secure.gravatar.com/avatar/49098dd32f92b12a2baf46ff2a143063?s=96&d=mm&r=g"}},"title":"What you should know about the child custody laws in India","excerpt":"<p>Inevitable circumstances cause some marriages to break and force couples to part ways from each other. Some marriages end peacefully with mutual understanding and some with a chaotic mess. But no matter how it ends, it is the child who suffers the most. Caught in this tug of war of custody battles between both the&hellip; <a class=\"more-link\" href=\"https://cms.ezylegal.in/blog/2021/07/18/what-you-should-know-about-the-child-custody-laws-in-india/\">Continue reading <span class=\"screen-reader-text\">What you should know about the child custody laws in India</span></a></p>\n","categories":[{"id":"dGVybTo0NQ==","slug":"legal-consultation","name":"Legal Consultation"}]},{"slug":"5-legal-technology-trends-changing-in-house-legal-departments-copy-2-copy","featuredImage":null,"tags":[{"id":"dGVybTo0MA==","slug":"documentation","name":"Documentation"}],"seo":{"description":null,"keywords":null,"robot":null},"date":"2021-05-10T16:21:53","content":"\n<h2>What is Lorem Ipsum?</h2>\n\n\n\n<p><strong>Lorem Ipsum</strong> is simply dummy text of the printing and typesetting industry. Lorem Ipsum has been the industry&#8217;s standard dummy text ever since the 1500s, when an unknown printer took a galley of type and scrambled it to make a type specimen book. It has survived not only five centuries, but also the leap into electronic typesetting, remaining essentially unchanged. It was popularised in the 1960s with the release of Letraset sheets containing Lorem Ipsum passages, and more recently with desktop publishing software like Aldus PageMaker including versions of Lorem Ipsum.</p>\n\n\n\n<h2>Why do we use it?</h2>\n\n\n\n<p>It is a long established fact that a reader will be distracted by the readable content of a page when looking at its layout. The point of using Lorem Ipsum is that it has a more-or-less normal distribution of letters, as opposed to using &#8216;Content here, content here&#8217;, making it look like readable English. Many desktop publishing packages and web page editors now use Lorem Ipsum as their default model text, and a search for &#8216;lorem ipsum&#8217; will uncover many web sites still in their infancy. Various versions have evolved over the years, sometimes by accident, sometimes on purpose (injected humour and the like).</p>\n\n\n\n<h2>Where does it come from?</h2>\n\n\n\n<p>Contrary to popular belief, Lorem Ipsum is not simply random text. It has roots in a piece of classical Latin literature from 45 BC, making it over 2000 years old. Richard McClintock, a Latin professor at Hampden-Sydney College in Virginia, looked up one of the more obscure Latin words, consectetur, from a Lorem Ipsum passage, and going through the cites of the word in classical literature, discovered the undoubtable source. Lorem Ipsum comes from sections 1.10.32 and 1.10.33 of &#8220;de Finibus Bonorum et Malorum&#8221; (The Extremes of Good and Evil) by Cicero, written in 45 BC. This book is a treatise on the theory of ethics, very popular during the Renaissance. The first line of Lorem Ipsum, &#8220;Lorem ipsum dolor sit amet..&#8221;, comes from a line in section 1.10.32.</p>\n\n\n\n<p>The standard chunk of Lorem Ipsum used since the 1500s is reproduced below for those interested. Sections 1.10.32 and 1.10.33 from &#8220;de Finibus Bonorum et Malorum&#8221; by Cicero are also reproduced in their exact original form, accompanied by English versions from the 1914 translation by H. Rackham.</p>\n","id":"cG9zdDo5Mg==","author":{"id":"dXNlcjox","name":"ezylegal","avatar":{"url":"https://secure.gravatar.com/avatar/49098dd32f92b12a2baf46ff2a143063?s=96&d=mm&r=g"}},"title":"5 Legal Technology Trends Changing In-House Legal Departments  Copy  Copy","excerpt":"<p>What is Lorem Ipsum? Lorem Ipsum is simply dummy text of the printing and typesetting industry. Lorem Ipsum has been the industry&#8217;s standard dummy text ever since the 1500s, when an unknown printer took a galley of type and scrambled it to make a type specimen book. It has survived not only five centuries, but&hellip; <a class=\"more-link\" href=\"https://cms.ezylegal.in/blog/2021/05/10/5-legal-technology-trends-changing-in-house-legal-departments-copy-2-copy/\">Continue reading <span class=\"screen-reader-text\">5 Legal Technology Trends Changing In-House Legal Departments  Copy  Copy</span></a></p>\n","categories":[{"id":"dGVybTox","slug":"business","name":"Business"},{"id":"dGVybToxOA==","slug":"documation","name":"Documation"}]},{"slug":"5-legal-technology-trends-changing-in-house-legal-departments-copy-2","featuredImage":null,"tags":[],"seo":{"description":null,"keywords":null,"robot":null},"date":"2021-05-10T16:21:25","content":"\n<h2>What is Lorem Ipsum?</h2>\n\n\n\n<p><strong>Lorem Ipsum</strong> is simply dummy text of the printing and typesetting industry. Lorem Ipsum has been the industry&#8217;s standard dummy text ever since the 1500s, when an unknown printer took a galley of type and scrambled it to make a type specimen book. It has survived not only five centuries, but also the leap into electronic typesetting, remaining essentially unchanged. It was popularised in the 1960s with the release of Letraset sheets containing Lorem Ipsum passages, and more recently with desktop publishing software like Aldus PageMaker including versions of Lorem Ipsum.</p>\n\n\n\n<h2>Why do we use it?</h2>\n\n\n\n<p>It is a long established fact that a reader will be distracted by the readable content of a page when looking at its layout. The point of using Lorem Ipsum is that it has a more-or-less normal distribution of letters, as opposed to using &#8216;Content here, content here&#8217;, making it look like readable English. Many desktop publishing packages and web page editors now use Lorem Ipsum as their default model text, and a search for &#8216;lorem ipsum&#8217; will uncover many web sites still in their infancy. Various versions have evolved over the years, sometimes by accident, sometimes on purpose (injected humour and the like).</p>\n\n\n\n<h2>Where does it come from?</h2>\n\n\n\n<p>Contrary to popular belief, Lorem Ipsum is not simply random text. It has roots in a piece of classical Latin literature from 45 BC, making it over 2000 years old. Richard McClintock, a Latin professor at Hampden-Sydney College in Virginia, looked up one of the more obscure Latin words, consectetur, from a Lorem Ipsum passage, and going through the cites of the word in classical literature, discovered the undoubtable source. Lorem Ipsum comes from sections 1.10.32 and 1.10.33 of &#8220;de Finibus Bonorum et Malorum&#8221; (The Extremes of Good and Evil) by Cicero, written in 45 BC. This book is a treatise on the theory of ethics, very popular during the Renaissance. The first line of Lorem Ipsum, &#8220;Lorem ipsum dolor sit amet..&#8221;, comes from a line in section 1.10.32.</p>\n\n\n\n<p>The standard chunk of Lorem Ipsum used since the 1500s is reproduced below for those interested. Sections 1.10.32 and 1.10.33 from &#8220;de Finibus Bonorum et Malorum&#8221; by Cicero are also reproduced in their exact original form, accompanied by English versions from the 1914 translation by H. Rackham.</p>\n","id":"cG9zdDo4Nw==","author":{"id":"dXNlcjox","name":"ezylegal","avatar":{"url":"https://secure.gravatar.com/avatar/49098dd32f92b12a2baf46ff2a143063?s=96&d=mm&r=g"}},"title":"5 Legal Technology Trends Changing In-House Legal Departments  Copy","excerpt":"<p>What is Lorem Ipsum? Lorem Ipsum is simply dummy text of the printing and typesetting industry. Lorem Ipsum has been the industry&#8217;s standard dummy text ever since the 1500s, when an unknown printer took a galley of type and scrambled it to make a type specimen book. It has survived not only five centuries, but&hellip; <a class=\"more-link\" href=\"https://cms.ezylegal.in/blog/2021/05/10/5-legal-technology-trends-changing-in-house-legal-departments-copy-2/\">Continue reading <span class=\"screen-reader-text\">5 Legal Technology Trends Changing In-House Legal Departments  Copy</span></a></p>\n","categories":[{"id":"dGVybTox","slug":"business","name":"Business"}]},{"slug":"5-legal-technology-trends-changing-in-house-legal-departments-copy","featuredImage":null,"tags":[],"seo":{"description":null,"keywords":null,"robot":null},"date":"2021-05-10T16:21:21","content":"\n<h2>What is Lorem Ipsum?</h2>\n\n\n\n<p><strong>Lorem Ipsum</strong> is simply dummy text of the printing and typesetting industry. Lorem Ipsum has been the industry&#8217;s standard dummy text ever since the 1500s, when an unknown printer took a galley of type and scrambled it to make a type specimen book. It has survived not only five centuries, but also the leap into electronic typesetting, remaining essentially unchanged. It was popularised in the 1960s with the release of Letraset sheets containing Lorem Ipsum passages, and more recently with desktop publishing software like Aldus PageMaker including versions of Lorem Ipsum.</p>\n\n\n\n<h2>Why do we use it?</h2>\n\n\n\n<p>It is a long established fact that a reader will be distracted by the readable content of a page when looking at its layout. The point of using Lorem Ipsum is that it has a more-or-less normal distribution of letters, as opposed to using &#8216;Content here, content here&#8217;, making it look like readable English. Many desktop publishing packages and web page editors now use Lorem Ipsum as their default model text, and a search for &#8216;lorem ipsum&#8217; will uncover many web sites still in their infancy. Various versions have evolved over the years, sometimes by accident, sometimes on purpose (injected humour and the like).</p>\n\n\n\n<h2>Where does it come from?</h2>\n\n\n\n<p>Contrary to popular belief, Lorem Ipsum is not simply random text. It has roots in a piece of classical Latin literature from 45 BC, making it over 2000 years old. Richard McClintock, a Latin professor at Hampden-Sydney College in Virginia, looked up one of the more obscure Latin words, consectetur, from a Lorem Ipsum passage, and going through the cites of the word in classical literature, discovered the undoubtable source. Lorem Ipsum comes from sections 1.10.32 and 1.10.33 of &#8220;de Finibus Bonorum et Malorum&#8221; (The Extremes of Good and Evil) by Cicero, written in 45 BC. This book is a treatise on the theory of ethics, very popular during the Renaissance. The first line of Lorem Ipsum, &#8220;Lorem ipsum dolor sit amet..&#8221;, comes from a line in section 1.10.32.</p>\n\n\n\n<p>The standard chunk of Lorem Ipsum used since the 1500s is reproduced below for those interested. Sections 1.10.32 and 1.10.33 from &#8220;de Finibus Bonorum et Malorum&#8221; by Cicero are also reproduced in their exact original form, accompanied by English versions from the 1914 translation by H. Rackham.</p>\n","id":"cG9zdDo4Ng==","author":{"id":"dXNlcjox","name":"ezylegal","avatar":{"url":"https://secure.gravatar.com/avatar/49098dd32f92b12a2baf46ff2a143063?s=96&d=mm&r=g"}},"title":"5 Legal Technology Trends Changing In-House Legal Departments  Copy","excerpt":"<p>What is Lorem Ipsum? Lorem Ipsum is simply dummy text of the printing and typesetting industry. Lorem Ipsum has been the industry&#8217;s standard dummy text ever since the 1500s, when an unknown printer took a galley of type and scrambled it to make a type specimen book. It has survived not only five centuries, but&hellip; <a class=\"more-link\" href=\"https://cms.ezylegal.in/blog/2021/05/10/5-legal-technology-trends-changing-in-house-legal-departments-copy/\">Continue reading <span class=\"screen-reader-text\">5 Legal Technology Trends Changing In-House Legal Departments  Copy</span></a></p>\n","categories":[{"id":"dGVybTox","slug":"business","name":"Business"},{"id":"dGVybToxOA==","slug":"documation","name":"Documation"},{"id":"dGVybToxOQ==","slug":"property-will","name":"Property Will"}]},{"slug":"5-legal-technology-trends-changing-in-house-legal-departments","featuredImage":null,"tags":[],"seo":{"description":null,"keywords":null,"robot":null},"date":"2021-05-10T15:15:31","content":"\n<h2>What is Lorem Ipsum?</h2>\n\n\n\n<p><strong>Lorem Ipsum</strong> is simply dummy text of the printing and typesetting industry. Lorem Ipsum has been the industry&#8217;s standard dummy text ever since the 1500s, when an unknown printer took a galley of type and scrambled it to make a type specimen book. It has survived not only five centuries, but also the leap into electronic typesetting, remaining essentially unchanged. It was popularised in the 1960s with the release of Letraset sheets containing Lorem Ipsum passages, and more recently with desktop publishing software like Aldus PageMaker including versions of Lorem Ipsum.</p>\n\n\n\n<h2>Why do we use it?</h2>\n\n\n\n<p>It is a long established fact that a reader will be distracted by the readable content of a page when looking at its layout. The point of using Lorem Ipsum is that it has a more-or-less normal distribution of letters, as opposed to using &#8216;Content here, content here&#8217;, making it look like readable English. Many desktop publishing packages and web page editors now use Lorem Ipsum as their default model text, and a search for &#8216;lorem ipsum&#8217; will uncover many web sites still in their infancy. Various versions have evolved over the years, sometimes by accident, sometimes on purpose (injected humour and the like).</p>\n\n\n\n<h2>Where does it come from?</h2>\n\n\n\n<p>Contrary to popular belief, Lorem Ipsum is not simply random text. It has roots in a piece of classical Latin literature from 45 BC, making it over 2000 years old. Richard McClintock, a Latin professor at Hampden-Sydney College in Virginia, looked up one of the more obscure Latin words, consectetur, from a Lorem Ipsum passage, and going through the cites of the word in classical literature, discovered the undoubtable source. Lorem Ipsum comes from sections 1.10.32 and 1.10.33 of &#8220;de Finibus Bonorum et Malorum&#8221; (The Extremes of Good and Evil) by Cicero, written in 45 BC. This book is a treatise on the theory of ethics, very popular during the Renaissance. The first line of Lorem Ipsum, &#8220;Lorem ipsum dolor sit amet..&#8221;, comes from a line in section 1.10.32.</p>\n\n\n\n<p>The standard chunk of Lorem Ipsum used since the 1500s is reproduced below for those interested. Sections 1.10.32 and 1.10.33 from &#8220;de Finibus Bonorum et Malorum&#8221; by Cicero are also reproduced in their exact original form, accompanied by English versions from the 1914 translation by H. Rackham.</p>\n","id":"cG9zdDo4Mw==","author":{"id":"dXNlcjox","name":"ezylegal","avatar":{"url":"https://secure.gravatar.com/avatar/49098dd32f92b12a2baf46ff2a143063?s=96&d=mm&r=g"}},"title":"5 Legal Technology Trends Changing In-House Legal Departments","excerpt":"<p>What is Lorem Ipsum? Lorem Ipsum is simply dummy text of the printing and typesetting industry. Lorem Ipsum has been the industry&#8217;s standard dummy text ever since the 1500s, when an unknown printer took a galley of type and scrambled it to make a type specimen book. It has survived not only five centuries, but&hellip; <a class=\"more-link\" href=\"https://cms.ezylegal.in/blog/2021/05/10/5-legal-technology-trends-changing-in-house-legal-departments/\">Continue reading <span class=\"screen-reader-text\">5 Legal Technology Trends Changing In-House Legal Departments</span></a></p>\n","categories":[{"id":"dGVybTox","slug":"business","name":"Business"},{"id":"dGVybToxOA==","slug":"documation","name":"Documation"}]}]