{"footer_leftcontainer":{"about":{"heading":"About us","description":"We like to do business at Codelender HQ to our clients satisfaction"},"contact":{"heading":"Contact us ","address":"Sector 70, Gurgaon","phone":"85-8888-7480","email":"contact@ezylegal.in"},"social":[{"name":"Twitter","link":"https://twitter.com/ezylegal","alttext":"Twitter","imagesrc":{"sourceUrl":"https://cms.ezylegal.in/wp-content/uploads/2021/05/iconfinder_1_Twitter3_colored_svg_5296516.png","databaseId":127,"title":"iconfinder_1_Twitter3_colored_svg_5296516"}},{"name":"Facebook","link":"https://www.facebook.com/ezylegal","alttext":"Facebook","imagesrc":null},{"name":"Instagram","link":"https://www.instagram.com/ezylegal","alttext":"Instagram","imagesrc":{"sourceUrl":"https://cms.ezylegal.in/wp-content/uploads/2021/05/iconfinder_linkedin_834713.png","databaseId":125,"title":"iconfinder_linkedin_834713"}},{"name":"LinkedIn","link":"https://www.linkedin.com/company/ezylegal","alttext":"LinkedIn","imagesrc":{"sourceUrl":"https://cms.ezylegal.in/wp-content/uploads/2021/05/iconfinder_Instagram_570629.png","databaseId":124,"title":"iconfinder_Instagram_570629"}}]},"footer_rightcontainer":{"sections":{"heading":"First Heading","sectionlinks":[{"name":"Blog","link":"/blog","target":"_blank"},{"name":"Careers","link":"/careers","target":"_blank"},{"name":"Media","link":"/media","target":"_blank"},{"name":"Affliates","link":"/affliates","target":"_blank"},{"name":"Sitemap","link":"/sitemap","target":"_blank"}]},"secondSections":{"heading":"Join our Network","sectionlinks":[{"name":"Lawyer / Law Firm","link":"join-our-network","target":"_blank"},{"name":"Chartered Accountant","link":"join-our-network","target":"_blank"},{"name":"Company Secretary","link":"join-our-network","target":"_blank"}]}},"footer_buttom":{"copyright":"@2021 NEO Online Ventures Pvt Ltd. All rights reserved.","whatsupScript":"8588887480","buttomContent":"ezyLegal is not a law firm, or a substitute for a lawyer or law firm. We are also not a \"lawyer referral service\". Use of this website will be at the sole risk of the user. Use of any service will not create any lawyer-client relationship.\r\n\r\nezyLegal will not be liable for any consequence of any action taken by the user relying on information or services provided under this website. In cases where the user has any legal issues, he/she in all cases must seek independent legal advice.\r\n\r\nUse of our products and services are governed by our Terms of Use and Privacy Policy."}}