{"page":{"home_page":{"banner":{"content":{"title":"ezyLegal with you, every step of the way","summary":"Be it your personal or your business matters, we have covered your back. Consult a Lawyer and take the right decisions. For Legal Documents and Business Registrations, count on our network of experienced and verified legal experts spread across all major cities of the country.","image":{"sourceUrl":"https://cms.ezylegal.in/wp-content/uploads/2021/05/Prototype-Desktop-Ezylaw.png"}},"highlightedCategories":[{"name":"Legal Consultation","link":"legal-consultation","type":"type2"},{"name":"Legal Documents","link":"documentation","type":"type1"},{"name":"Business Registration","link":"business-registration","type":"type1"}]},"smallBanner":{"title":"Small Banner","linkUrl":"#","summary":"Not sure which is the right product for your requirement or you have questions regarding our products?  Let our legal expert provide you with the best guidance.","buttonText":"Speak to legal expert","image":{"sourceUrl":"https://cms.ezylegal.in/wp-content/uploads/2021/07/quote_logo.svg"}},"whyChooseUs":[{"title":"10000+ Verified Experts","description":"We have a large team of experts with expertise in areas of Personal matters, Property, Documents and New Business setups"},{"title":"We've got you covered","description":"Have peace of mind knowing you have a dedicated lawyer available On-Demand, 24x7\r\n"},{"title":"Flat-rate fees, 70% less","description":"No hourly charges. No surprises. Really."}],"businessMatrix":[{"counter":"100,000+","heading":"Consultations","content":"Our network of independent lawyers have delivered consultations to 50,000+ customers"},{"counter":"15,000+","heading":"Agreements","content":"Helping 5000+ small businesses secure risk through signing Legal Agreements & Contracts"},{"counter":"5,000+","heading":"Businesses","content":"Helping 5000+ entrepreneurs turn ideas into businesses and be their legal partners while they focus on growth"}],"cardlist":[{"direction":"Left","heading":"LEGAL CONSULTATION for You and Your family","content":"Getting the right legal advice is important because it helps you know your rights and gives you better chance of a positive outcome","image":{"title":"pexels-ketut-subiyanto-4307709 (1)","sourceUrl":"https://cms.ezylegal.in/wp-content/uploads/2021/07/pexels-ketut-subiyanto-4307709-1-scaled-e1626768922967.jpg"},"links":null,"button":{"title":"Consult Now","link":"/category/legal-consultation"},"subCard":{"title":"Limited Time Offer","content":"Get 40% Off on your First Consultation","button":{"title":"Consult Lawyer","link":"/category/consultant"}}},{"direction":"Right","heading":"LEGAL DOCUMENTS for Your business","content":"With ezylegal, you don't just get legal drafts. You get a team of legal experts who provide you the best document drafts at 70% less cost","image":{"title":"pexels-michael-burrows-7128988","sourceUrl":"https://cms.ezylegal.in/wp-content/uploads/2021/07/pexels-michael-burrows-7128988-scaled.jpg"},"links":[{"link":"/category/documentation/product/non-disclosure-agreement","fieldGroupName":"links","title":"Non-Disclosure Agreement"},{"link":"/category/documentation/product/vendor-agreement","fieldGroupName":"links","title":"Vendor Agreement"},{"link":"/category/documentation/product/partnership-deed","fieldGroupName":"links","title":"Partnership Deed"}],"button":{"title":"View All offerings","link":"/category/documentation"},"subCard":{"title":"Ask an Expert","content":"If you have any questions related to legal documentation, ask a corporate legal expert","button":{"title":"ask an Expert","link":"/category/whatsapp"}}},{"direction":"Left","heading":"REGISTRATIONS & LICENSES for Your business","content":"Whether you need to form a company, apply for the necessary licenses and permits or get a certification, we'll set your business up for success","image":{"title":"pexels-eva-elijas-7661187","sourceUrl":"https://cms.ezylegal.in/wp-content/uploads/2021/07/pexels-eva-elijas-7661187-scaled.jpg"},"links":[{"link":"/category/business-registration/product/private-limited-company","fieldGroupName":"links","title":"Private Limited Company"},{"link":"/category/business-registration/product/one-person-company","fieldGroupName":"links","title":"One Person Company"},{"link":"/category/business-registration/product/gst-registration","fieldGroupName":"links","title":"GST Registration"}],"button":{"title":"View All offerings","link":"/category/business-registration"},"subCard":{"title":"Ask an Expert","content":"If you have any questions related to registrations, ask a business legal expert","button":{"title":"ask an Expert","link":"/category/whatsapp"}}}],"testimonialData":{"testimonialHeading":"What our customers are saying about us","testimonialSubHeading":null,"testimonials":[{"name":"Abhishek Singh  ","designation":"Founder, Candor Data","summary":"ezyLegal was a game changer for us as we were starting off with our first business idea! It was easy to use with an unintimidating, friendly platform, and excellent customer service. And very importantly, the experience was smooth, and the Company Incorporation process was quick & affordable.","profileImage":{"sourceUrl":"https://cms.ezylegal.in/wp-content/uploads/2021/07/pexels-monstera-5876516-scaled.jpg"}},{"name":"Susan Abbot","designation":"Susie's Bakehouse","summary":"Wow, I never thought it would be so easy to get my trademark registered. I run a bakery and I was expanding and found out that my name was used by some other shop too. I have been associated with this name for a long time and I wanted to keep the name. Good that I connected with ezyLegal and they helped me file trademark registration for my name. ezyLegal made sure I get to keep my name.","profileImage":{"sourceUrl":"https://cms.ezylegal.in/wp-content/uploads/2021/07/pexels-tim-douglas-6205509-scaled.jpg"}},{"name":"Avantas Ghosal","designation":"Entrepreneur","summary":"This company is fantastic. I recommend it to everyone who is looking to form a Joint Venture or start a new business. Honestly, it's been a fantastic experience, and I couldn't be more happy with their Business Registration Services in particular.","profileImage":{"sourceUrl":"https://cms.ezylegal.in/wp-content/uploads/2021/07/pexels-askar-abayev-5638731-scaled.jpg"}},{"name":"Arzoo Banaji","designation":"Mumbai","summary":"I had a good experience with ezyLegal’s Will drafting service. I contacted ezyLegal to draft and register my will. I scheduled a call and spoke to the lawyer for 30 minutes. I received my first draft two days after the consultation. I asked them to make a few changes and the draft was finalized. They also helped get my Will registered. The service is so convenient and easy.","profileImage":{"sourceUrl":"https://cms.ezylegal.in/wp-content/uploads/2021/07/pexels-rodnae-productions-7020614-scaled.jpg"}}]}}},"productCategories":{"pageInfo":{"startCursor":"YXJyYXljb25uZWN0aW9uOjM0","hasNextPage":false,"hasPreviousPage":false,"endCursor":"YXJyYXljb25uZWN0aW9uOjM0"},"edges":[{"cursor":"YXJyYXljb25uZWN0aW9uOjM0","node":{"count":50,"id":"dGVybTozNA==","name":"Business Registration","description":"In publishing and graphic design, Lorem ipsum is a placeholder text commonly used to demonstrate the visual form of a document or a typeface without relying on meaningful content. Lorem ipsum may be used as a placeholder before final copy is available.","slug":"business-registration","link":"https://cms.ezylegal.in/product-category/business-registration/","image":null,"products":{"edges":[{"cursor":"YXJyYXljb25uZWN0aW9uOjYyOA==","node":{"id":"cHJvZHVjdDo2Mjg=","name":"Legal Consultation","sku":null,"slug":"legal-consultation","link":"https://cms.ezylegal.in/product/legal-consultation/","shortDescription":"<p>Consult a Lawyer instantly and get the right legal advice. Service available 24&#215;7.</p>\n","dateOnSaleTo":null,"dateOnSaleFrom":null,"onSale":true,"reviewCount":0,"productTypes":{"edges":[{"node":{"id":"dGVybToy","name":"simple"}}]},"regularPrice":"9999","salePrice":"7999","otherRegularPrice":null,"otherSalePrice":null,"image":null,"promotionText":""}},{"cursor":"YXJyYXljb25uZWN0aW9uOjU2OQ==","node":{"id":"cHJvZHVjdDo1Njk=","name":"Shifting of Registered Office","sku":null,"slug":"shifting-of-registered-office-2","link":"https://cms.ezylegal.in/product/shifting-of-registered-office-2/","shortDescription":"<p>As per Section 7 of the Companies Act, 2013  all registered companies are required to have a registered office address in India from the date of commencement of business or within thirty days from the date of incorporation whichever is earlier.</p>\n","dateOnSaleTo":null,"dateOnSaleFrom":null,"onSale":true,"reviewCount":0,"productTypes":{"edges":[{"node":{"id":"dGVybToy","name":"simple"}}]},"regularPrice":"9999","salePrice":"7999","otherRegularPrice":null,"otherSalePrice":null,"image":null,"promotionText":""}},{"cursor":"YXJyYXljb25uZWN0aW9uOjU2Mg==","node":{"id":"cHJvZHVjdDo1NjI=","name":"Convert Proprietorship Firm to Private Limited Company","sku":null,"slug":"convert-proprietorship-firm-to-private-limited-company-2","link":"https://cms.ezylegal.in/product/convert-proprietorship-firm-to-private-limited-company-2/","shortDescription":"<p>Proprietorship is an unregistered business entity owned, managed, and controlled by one person. </p>\n","dateOnSaleTo":null,"dateOnSaleFrom":null,"onSale":true,"reviewCount":0,"productTypes":{"edges":[{"node":{"id":"dGVybToy","name":"simple"}}]},"regularPrice":"9999","salePrice":"7999","otherRegularPrice":null,"otherSalePrice":null,"image":null,"promotionText":""}},{"cursor":"YXJyYXljb25uZWN0aW9uOjU2MQ==","node":{"id":"cHJvZHVjdDo1NjE=","name":"Incorporation of Limited liability Partnership","sku":null,"slug":"incorporation-of-limited-liability-partnership","link":"https://cms.ezylegal.in/product/incorporation-of-limited-liability-partnership/","shortDescription":"<p>A limited liability partnership (LLP) is a partnership in which some or all partners have limited liabilities. </p>\n","dateOnSaleTo":null,"dateOnSaleFrom":null,"onSale":true,"reviewCount":0,"productTypes":{"edges":[{"node":{"id":"dGVybToy","name":"simple"}}]},"regularPrice":"13335","salePrice":"7999","otherRegularPrice":null,"otherSalePrice":null,"image":null,"promotionText":""}},{"cursor":"YXJyYXljb25uZWN0aW9uOjU2MA==","node":{"id":"cHJvZHVjdDo1NjA=","name":"Private Limited Company","sku":null,"slug":"private-limited-company-2","link":"https://cms.ezylegal.in/product/private-limited-company-2/","shortDescription":"<p>A private limited company is a type of company that offers limited liability or legal protection for members. </p>\n","dateOnSaleTo":null,"dateOnSaleFrom":null,"onSale":true,"reviewCount":0,"productTypes":{"edges":[{"node":{"id":"dGVybToy","name":"simple"}}]},"regularPrice":"16665","salePrice":"9999","otherRegularPrice":null,"otherSalePrice":null,"image":null,"promotionText":""}},{"cursor":"YXJyYXljb25uZWN0aW9uOjU1OQ==","node":{"id":"cHJvZHVjdDo1NTk=","name":"Incorporation of Partnership Firm","sku":null,"slug":"incorporation-of-partnership-firm","link":"https://cms.ezylegal.in/product/incorporation-of-partnership-firm/","shortDescription":"<p>Partnership is an association of two or more people formed for the purpose of carrying on a business. </p>\n","dateOnSaleTo":null,"dateOnSaleFrom":null,"onSale":true,"reviewCount":0,"productTypes":{"edges":[{"node":{"id":"dGVybToy","name":"simple"}}]},"regularPrice":"13335","salePrice":"7999","otherRegularPrice":null,"otherSalePrice":null,"image":null,"promotionText":""}},{"cursor":"YXJyYXljb25uZWN0aW9uOjU1OA==","node":{"id":"cHJvZHVjdDo1NTg=","name":"One Person Company","sku":null,"slug":"one-person-company","link":"https://cms.ezylegal.in/product/one-person-company/","shortDescription":"<p>One Person Company is a legal entity which has only one person as a member who will act in the capacity of a director as well as a shareholder.</p>\n","dateOnSaleTo":null,"dateOnSaleFrom":null,"onSale":true,"reviewCount":3,"productTypes":{"edges":[{"node":{"id":"dGVybToy","name":"simple"}}]},"regularPrice":"14999","salePrice":"8999","otherRegularPrice":null,"otherSalePrice":null,"image":null,"promotionText":""}},{"cursor":"YXJyYXljb25uZWN0aW9uOjU1Nw==","node":{"id":"cHJvZHVjdDo1NTc=","name":"Increase in Authorized Capital","sku":null,"slug":"increase-in-authorized-capital","link":"https://cms.ezylegal.in/product/increase-in-authorized-capital/","shortDescription":"<p>According to Section 2 (8) of the Companies Act, 2013 “Authorized Capital” is the capital that is authorized by the memorandum of the company to be the maximum amount of the share capital of the company.</p>\n","dateOnSaleTo":null,"dateOnSaleFrom":null,"onSale":true,"reviewCount":0,"productTypes":{"edges":[{"node":{"id":"dGVybToy","name":"simple"}}]},"regularPrice":"9999","salePrice":"7999","otherRegularPrice":null,"otherSalePrice":null,"image":null,"promotionText":""}},{"cursor":"YXJyYXljb25uZWN0aW9uOjU1Ng==","node":{"id":"cHJvZHVjdDo1NTY=","name":"Convert Proprietorship Firm to Private Limited Company","sku":null,"slug":"convert-proprietorship-firm-to-private-limited-company","link":"https://cms.ezylegal.in/product/convert-proprietorship-firm-to-private-limited-company/","shortDescription":"<p>Proprietorship is an unregistered business entity owned, managed, and controlled by one person. </p>\n","dateOnSaleTo":null,"dateOnSaleFrom":null,"onSale":true,"reviewCount":0,"productTypes":{"edges":[{"node":{"id":"dGVybToy","name":"simple"}}]},"regularPrice":"9999","salePrice":"7999","otherRegularPrice":null,"otherSalePrice":null,"image":null,"promotionText":""}},{"cursor":"YXJyYXljb25uZWN0aW9uOjU1NQ==","node":{"id":"cHJvZHVjdDo1NTU=","name":"Trademark Registration","sku":null,"slug":"trademark-registration","link":"https://cms.ezylegal.in/product/trademark-registration/","shortDescription":"<p>A trademark or service mark is a word, name, symbol, or device used to indicate the source, quality and ownership of a product or service.</p>\n","dateOnSaleTo":null,"dateOnSaleFrom":null,"onSale":true,"reviewCount":0,"productTypes":{"edges":[{"node":{"id":"dGVybToy","name":"simple"}}]},"regularPrice":"5835","salePrice":"3499","otherRegularPrice":null,"otherSalePrice":null,"image":null,"promotionText":""}}]},"children":{"edges":[{"cursor":"YXJyYXljb25uZWN0aW9uOjQz","node":{"count":null,"id":"dGVybTo0Mw==","name":"Test Category","description":"Description","slug":"test-category","link":"https://cms.ezylegal.in/product-category/business-registration/test-category/","image":null,"products":{"edges":[]},"children":{"edges":[]}}}]}}}]}}