{"id":"cHJvZHVjdDo2Mjg=","name":"Legal Consultation","sku":null,"slug":"legal-consultation","link":"https://cms.ezylegal.in/product/legal-consultation/","getTalkTime":{"heading":"Get talk time and consult a lawyer","subHeading":"Select Talk time","contentBox":{"leftBox":{"price":[{"minutes":"15","inrRatePerMin":"33","usdRatePerMin":"35","inrNowAmount":"495","usdNowAmount":"500","inrWasAmount":"599","inrUsdAmount":"600"},{"minutes":"15","inrRatePerMin":"33","usdRatePerMin":"35","inrNowAmount":"495","usdNowAmount":"500","inrWasAmount":"599","inrUsdAmount":"600"},{"minutes":"15","inrRatePerMin":"33","usdRatePerMin":"35","inrNowAmount":"495","usdNowAmount":"500","inrWasAmount":"599","inrUsdAmount":"600"}]},"rightBox":{"title":"Money back Guarantee","image":{"sourceUrl":"https://cms.ezylegal.in/wp-content/uploads/2021/07/167577.png","title":"167577"},"descriptionContent":[{"description":"If you are not satisfied by the Consultation,"},{"description":"We will give you a full refund."},{"description":"No Questions Asked."}],"termsConditions":[{"termsConditions":"* Offer valid only for new Customers"},{"termsConditions":"* Refund claim can availed only within 3 days of taking the Consultation "}]}}},"shortDescription":"<p>Consult a Lawyer instantly and get the right legal advice. Service available 24&#215;7.</p>\n","description":"<p>Getting the right legal advice is important because it helps you know your rights and gives you a better chance of a positive outcome.<br />\nNo Appointment, No Waiting. Consult a Lawyer instantly and get the right legal advice. </p>\n","promotionText":"","dateOnSaleTo":null,"dateOnSaleFrom":null,"onSale":true,"averageRating":0,"productTypes":"simple","regularPrice":"9999","salePrice":"7999","price":"₹7999","otherRegularPrice":null,"otherSalePrice":null,"image":null,"product_addition":{"howWeWork":{"heading":"How to Consult a Lawyer","content":[{"title":"Add Talktime","description":"Add Talktime to your registered mobile number","icon":{"databaseId":856,"sourceUrl":"https://cms.ezylegal.in/wp-content/uploads/2021/07/add_circle_outline_black_24dp.svg","title":"add_circle_outline_black_24dp"}},{"title":"Get Dial-in Number","description":"After payment success, you will receive a message with the dial-in number","icon":{"databaseId":858,"sourceUrl":"https://cms.ezylegal.in/wp-content/uploads/2021/07/textsms_black_24dp.svg","title":"textsms_black_24dp"}},{"title":"Start Consultation","description":"Talk to Lawyer and get Consultation for your matter in your language of choice","icon":{"databaseId":857,"sourceUrl":"https://cms.ezylegal.in/wp-content/uploads/2021/07/phone_in_talk_black_24dp.svg","title":"phone_in_talk_black_24dp"}}]},"deliverables":{"heading":null,"content":null},"contents":{"heading":null,"content":null},"benefits":{"heading":null,"content":null},"productCharacteristics":[{"label":"100% Confidential & Secure","icon":{"databaseId":859,"sourceUrl":"https://cms.ezylegal.in/wp-content/uploads/2021/07/security_black_24dp.svg","title":"security_black_24dp"}},{"label":"24x7 Available ","icon":{"databaseId":739,"sourceUrl":"https://cms.ezylegal.in/wp-content/uploads/2021/06/schedule_black_24dp.svg","title":"schedule_black_24dp"}},{"label":"Supports 8 Indian Languages","icon":{"databaseId":860,"sourceUrl":"https://cms.ezylegal.in/wp-content/uploads/2021/07/language_black_24dp.svg","title":"language_black_24dp"}}],"productBanner":[{"bannerTitle1":"Divorce & Family matters\r\n ","bannerTitle2":"Going through a Divorce?\r\nConsult a Lawyer ","bannerTitle3":"Available 24X7","image":{"databaseId":852,"sourceUrl":"https://cms.ezylegal.in/wp-content/uploads/2021/07/pexels-ketut-subiyanto-4308050.jpg","title":"pexels-ketut-subiyanto-4308050"}},{"bannerTitle1":"Property & Real Estate\r\n ","bannerTitle2":"Want to claim your property? \r\nConsult a Lawyer","bannerTitle3":"Available 24X7","image":{"databaseId":853,"sourceUrl":"https://cms.ezylegal.in/wp-content/uploads/2021/07/pexels-julia-volk-5273373-1-scaled.jpg","title":"pexels-julia-volk-5273373 (1)"}},{"bannerTitle1":"Consumer Protection","bannerTitle2":"Got a FAULTY product delivered and not getting refund?\r\nConsult a Lawyer","bannerTitle3":"Available 24X7","image":{"databaseId":854,"sourceUrl":"https://cms.ezylegal.in/wp-content/uploads/2021/07/pexels-picjumbocom-196653.jpg","title":"pexels-picjumbocom-196653"}}],"productFeature":[{"icon":{"databaseId":707,"sourceUrl":"https://cms.ezylegal.in/wp-content/uploads/2021/06/task_alt_black_24dp.svg","title":"task_alt_black_24dp"},"description":"9,000+ ezyLegal verified experts"},{"icon":{"databaseId":707,"sourceUrl":"https://cms.ezylegal.in/wp-content/uploads/2021/06/task_alt_black_24dp.svg","title":"task_alt_black_24dp"},"description":"Senior Lawyers practising in Hight Courts and Supreme Courts"}],"verifiedexpertsection":null,"whyChooseUs":[{"title":"Reliable & Trusted","description":"Over 3,000 five star reviews from our customers\r\n\r\n"},{"title":"Fast & Easy, On-Demand","description":"Easy access from your mobile. Lawyers available 24x7"},{"title":"Secure & Confidential","description":"Conversation with the Lawyer is always kept private. Information shared with the lawyer are 100% confidential."}],"processSteps":null,"prerequisites":{"heading":null,"content":null},"faqs":[{"question":"What is the difference between a One Person Company and Private Limited Company?\r\n\r\n\r\n","answer":"One person company requires only one Director to incorporate the company while a Private Limited Company requires two Directors."},{"question":"Can an NRI register a One Person Company?\r\n\r\n","answer":"An OPC can only be registered by a citizen of India.\r\n"},{"question":"How much capital is required to start an OPC?\r\n\r\n","answer":"There is no minimum paid-up capital required to start an OPC but It will need an authorized share capital of Rs. 1 lakh. "},{"question":"Should an OPC be renewed every year?\r\n\r\n","answer":"No, an OPC does not require renewal every year. An OPC continues its existence until the main Director dissolves the company."},{"question":"If I have questions regarding my documents or the process, how can I ask?\r\n\r\n","answer":"Once you purchase any product from the ezyLegal website, you will be credited minutes in your account. You can use these minutes to connect with the Lawyer and ask questions and take guidance from the Expert."},{"question":"How to register an OPC in India?\r\n\r\n","answer":"ezyLegal can help you get your OPC registered and provide you with the right legal guidance. You can schedule your Consultation with an ezyLegal Lawyer and know the detailed process and advantages of registering an OPC Company."},{"question":"How will I know the status of the registration process?\r\n\r\n","answer":"Status updates will be available on the ezyLegal website (www.ezylegal.in) in your secured Account. Additionally, you will be notified on email and WhatsApp."}]},"reviewCount":0,"reviews":[],"upsell":[],"related":[{"id":"cHJvZHVjdDoxMzA=","name":"GST Registration","sku":null,"slug":"gst-registration","link":"https://cms.ezylegal.in/product/gst-registration/","shortDescription":"<p>Goods and Services Tax is an indirect tax used in India on the supply of goods and service. </p>\n","dateOnSaleTo":null,"dateOnSaleFrom":null,"onSale":true,"reviewCount":0,"averageRating":0,"productTypes":"simple","regularPrice":"1665","salePrice":"999","price":"999","otherRegularPrice":"2199","otherSalePrice":"2099","image":null,"promotionText":"Promotion Text"},{"id":"cHJvZHVjdDoxMzE=","name":"Startup India Reg - Sample","sku":null,"slug":"startup-india-registration","link":"https://cms.ezylegal.in/product/startup-india-registration/","shortDescription":"<p>This is Startup India Registration short description.</p>\n","dateOnSaleTo":null,"dateOnSaleFrom":null,"onSale":true,"reviewCount":0,"averageRating":0,"productTypes":"simple","regularPrice":"1599","salePrice":"1499","price":"1499","otherRegularPrice":"2199","otherSalePrice":"2099","image":null,"promotionText":"Promotion Text"},{"id":"cHJvZHVjdDoxMzI=","name":"One Person Company - Sample","sku":"ezylegal2322","slug":"one-person-company-sample","link":"https://cms.ezylegal.in/product/one-person-company-sample/","shortDescription":"<p>One Person Company is a legal entity which has only one person as a member who will act in the capacity of a Director as well as a Shareholder</p>\n","dateOnSaleTo":null,"dateOnSaleFrom":null,"onSale":true,"reviewCount":1,"averageRating":5,"productTypes":"simple","regularPrice":"9999","salePrice":"7999","price":"7999","otherRegularPrice":"2199","otherSalePrice":"2099","image":null,"promotionText":"Promotion Text"},{"id":"cHJvZHVjdDozNzk=","name":"Private Limited Company","sku":"ezylegal2322-1","slug":"private-limited-company","link":"https://cms.ezylegal.in/product/private-limited-company/","shortDescription":"<p>A Private Limited Company is a type of company that offers limited liability or legal protection for members.</p>\n","dateOnSaleTo":null,"dateOnSaleFrom":null,"onSale":true,"reviewCount":0,"averageRating":0,"productTypes":"simple","regularPrice":"9999","salePrice":"7999","price":"7999","otherRegularPrice":"2199","otherSalePrice":"2099","image":null,"promotionText":"Promotion Text"},{"id":"cHJvZHVjdDozODI=","name":"Limited Liability Partnership","sku":null,"slug":"limited-liability-partnership","link":"https://cms.ezylegal.in/product/limited-liability-partnership/","shortDescription":"<p>A Limited Liability Partnership (LLP) is a partnership in which some or all partners have limited liabilities.</p>\n","dateOnSaleTo":null,"dateOnSaleFrom":null,"onSale":true,"reviewCount":0,"averageRating":0,"productTypes":"simple","regularPrice":"13335","salePrice":"7999","price":"7999","otherRegularPrice":null,"otherSalePrice":null,"image":null,"promotionText":""},{"id":"cHJvZHVjdDo1MTQ=","name":"Partnership Firm","sku":null,"slug":"partnership-firm","link":"https://cms.ezylegal.in/product/partnership-firm/","shortDescription":"<p>A Partnership is an association of two or more people formed for the purpose of carrying on a business.</p>\n","dateOnSaleTo":null,"dateOnSaleFrom":null,"onSale":true,"reviewCount":0,"averageRating":0,"productTypes":"simple","regularPrice":"9999","salePrice":"7999","price":"7999","otherRegularPrice":null,"otherSalePrice":null,"image":null,"promotionText":""},{"id":"cHJvZHVjdDo1MTU=","name":"Appointment of Director","sku":null,"slug":"appointment-of-director","link":"https://cms.ezylegal.in/product/appointment-of-director/","shortDescription":"<p>A Director is chosen by a company to manage its daily business activities and implement its policy.</p>\n","dateOnSaleTo":null,"dateOnSaleFrom":null,"onSale":true,"reviewCount":0,"averageRating":0,"productTypes":"simple","regularPrice":"9999","salePrice":"7999","price":"7999","otherRegularPrice":null,"otherSalePrice":null,"image":null,"promotionText":""},{"id":"cHJvZHVjdDo1MTY=","name":"Removal of Director","sku":null,"slug":"removal-of-director","link":"https://cms.ezylegal.in/product/removal-of-director/","shortDescription":"<p>Every company has a board. The board consists of experts and skilled individuals known as Directors.</p>\n","dateOnSaleTo":null,"dateOnSaleFrom":null,"onSale":true,"reviewCount":0,"averageRating":0,"productTypes":"simple","regularPrice":"9999","salePrice":"7999","price":"7999","otherRegularPrice":null,"otherSalePrice":null,"image":null,"promotionText":""},{"id":"cHJvZHVjdDo1MTg=","name":"Allotment of Shares","sku":null,"slug":"allotment-of-shares","link":"https://cms.ezylegal.in/product/allotment-of-shares/","shortDescription":"<p>Share Capital is the amount of capital raised by the issue of shares by a company</p>\n","dateOnSaleTo":null,"dateOnSaleFrom":null,"onSale":true,"reviewCount":0,"averageRating":0,"productTypes":"simple","regularPrice":"9999","salePrice":"7999","price":"7999","otherRegularPrice":null,"otherSalePrice":null,"image":null,"promotionText":""},{"id":"cHJvZHVjdDo1MTk=","name":"Closing of Private Limited Company","sku":null,"slug":"closing-of-private-limited-company","link":"https://cms.ezylegal.in/product/closing-of-private-limited-company/","shortDescription":"<p>Winding up of a Company is a process, through which the life of the company is concluded.</p>\n","dateOnSaleTo":null,"dateOnSaleFrom":null,"onSale":true,"reviewCount":0,"averageRating":0,"productTypes":"simple","regularPrice":"9999","salePrice":"7999","price":"7999","otherRegularPrice":null,"otherSalePrice":null,"image":null,"promotionText":""}],"seo":{"title":null,"keywords":null,"description":null},"category":{"count":null,"id":"cHJvZHVjdDo2Mjg=","name":"Legal Consultation","description":"<p>Getting the right legal advice is important because it helps you know your rights and gives you a better chance of a positive outcome.<br />\nNo Appointment, No Waiting. Consult a Lawyer instantly and get the right legal advice. </p>\n","slug":"legal-consultation","link":"https://cms.ezylegal.in/product/legal-consultation/","image":null,"products":[]}}