{"footer1":[{"id":"cG9zdDoyNTU=","title":null,"url":"/category/null","target":null,"label":"Blog","parentId":null,"linkRelationship":null,"children":[]}],"header":[{"id":"cG9zdDoyMjE=","title":null,"url":"/category/legal-consultation","target":null,"label":"Legal Consultation","parentId":null,"linkRelationship":"legal-consultation","children":[]},{"id":"cG9zdDoyMjA=","title":null,"url":"/category/documentation","target":null,"label":"Legal Documents","parentId":null,"linkRelationship":"documentation","children":[{"id":"cG9zdDoyMjg=","title":null,"url":"/category/documentation/product/null","target":null,"label":"Business Contracts","parentId":"cG9zdDoyMjA=","linkRelationship":null,"children":[{"id":"cG9zdDoyMjk=","title":null,"url":"#","target":null,"label":"Non-Disclosure Agreement / Confidentiality Agreement","parentId":"cG9zdDoyMjg=","linkRelationship":"non-disclosure-agreement","children":[]},{"id":"cG9zdDoyMjc=","title":null,"url":"#","target":null,"label":"Non-Compete Agreement","parentId":"cG9zdDoyMjg=","linkRelationship":"non-compete-agreement","children":[]},{"id":"cG9zdDoyMzA=","title":null,"url":"#","target":null,"label":"Master Service Agreement","parentId":"cG9zdDoyMjg=","linkRelationship":"master-service-agreement","children":[]},{"id":"cG9zdDoyMzE=","title":null,"url":"#","target":null,"label":"Franchise Agreement","parentId":"cG9zdDoyMjg=","linkRelationship":"franchise-agreement","children":[]},{"id":"cG9zdDoyNDY=","title":null,"url":"#","target":null,"label":"Memorandum of Understanding","parentId":"cG9zdDoyMjg=","linkRelationship":"memorandum-of-understanding","children":[]},{"id":"cG9zdDoyNDA=","title":null,"url":"#","target":null,"label":"Joint Venture Agreement","parentId":"cG9zdDoyMjg=","linkRelationship":"joint-venture-agreement","children":[]},{"id":"cG9zdDoyNDc=","title":null,"url":"#","target":null,"label":"Partnership Deed","parentId":"cG9zdDoyMjg=","linkRelationship":"partnership-deed","children":[]}]},{"id":"cG9zdDo3NzQ=","title":null,"url":"/category/documentation/product/null","target":null,"label":"HR & Labour Compliance","parentId":"cG9zdDoyMjA=","linkRelationship":null,"children":[{"id":"cG9zdDo3NzU=","title":null,"url":"#","target":null,"label":"Employment Contract","parentId":"cG9zdDo3NzQ=","linkRelationship":"employment-contract","children":[]},{"id":"cG9zdDo3NzY=","title":null,"url":"#","target":null,"label":"Consultancy/Contract Agreement","parentId":"cG9zdDo3NzQ=","linkRelationship":"contract-agreement","children":[]},{"id":"cG9zdDo3Nzc=","title":null,"url":"#","target":null,"label":"ESOP Policy","parentId":"cG9zdDo3NzQ=","linkRelationship":"esop-policy","children":[]},{"id":"cG9zdDo3Nzg=","title":null,"url":"#","target":null,"label":"POSH Policy","parentId":"cG9zdDo3NzQ=","linkRelationship":"posh-policy","children":[]},{"id":"cG9zdDo3Nzk=","title":null,"url":"#","target":null,"label":"Maternity Policy","parentId":"cG9zdDo3NzQ=","linkRelationship":"maternity-policy","children":[]}]},{"id":"cG9zdDo3ODA=","title":null,"url":"/category/documentation/product/null","target":null,"label":"Money Recovery","parentId":"cG9zdDoyMjA=","linkRelationship":null,"children":[{"id":"cG9zdDo3ODE=","title":null,"url":"#","target":null,"label":"Legal Notice for Recovery","parentId":"cG9zdDo3ODA=","linkRelationship":"legal-notice-for-recovery","children":[]},{"id":"cG9zdDo3ODI=","title":null,"url":"#","target":null,"label":"Cheque Bounce Notice","parentId":"cG9zdDo3ODA=","linkRelationship":"cheque-bounce-notice","children":[]}]},{"id":"cG9zdDo3ODM=","title":null,"url":"/category/documentation/product/null","target":null,"label":"Website & Digital Policies","parentId":"cG9zdDoyMjA=","linkRelationship":null,"children":[{"id":"cG9zdDo3ODQ=","title":null,"url":"#","target":null,"label":"Terms of Use","parentId":"cG9zdDo3ODM=","linkRelationship":"terms-of-use","children":[]},{"id":"cG9zdDo3ODU=","title":null,"url":"#","target":null,"label":"Privacy Policy","parentId":"cG9zdDo3ODM=","linkRelationship":"privacy-policy","children":[]},{"id":"cG9zdDo3ODY=","title":null,"url":"#","target":null,"label":"Disclaimer","parentId":"cG9zdDo3ODM=","linkRelationship":"disclaimer","children":[]},{"id":"cG9zdDo3ODc=","title":null,"url":"#","target":null,"label":"Commercial Terms & Refund Policy","parentId":"cG9zdDo3ODM=","linkRelationship":"commercial-terms-refund-policy","children":[]}]},{"id":"cG9zdDo3ODk=","title":null,"url":"/category/documentation/product/null","target":null,"label":"Property & Real Estate","parentId":"cG9zdDoyMjA=","linkRelationship":null,"children":[{"id":"cG9zdDo3OTA=","title":null,"url":"#","target":null,"label":"Lease Deed / Rent Agreement","parentId":"cG9zdDo3ODk=","linkRelationship":"rent-agreement","children":[]},{"id":"cG9zdDo3OTE=","title":null,"url":"#","target":null,"label":"Termination Notice for Lease Deed / Rent Agreement","parentId":"cG9zdDo3ODk=","linkRelationship":"termination-notice-for-lease-deed","children":[]},{"id":"cG9zdDo3OTI=","title":null,"url":"#","target":null,"label":"Tenant Eviction Notice","parentId":"cG9zdDo3ODk=","linkRelationship":"tenant-eviction-notice","children":[]},{"id":"cG9zdDo3OTM=","title":null,"url":"#","target":null,"label":"Power of Attorney","parentId":"cG9zdDo3ODk=","linkRelationship":"power-of-attorney","children":[]},{"id":"cG9zdDo3OTQ=","title":null,"url":"#","target":null,"label":"Sale Deed","parentId":"cG9zdDo3ODk=","linkRelationship":"sale-deed","children":[]},{"id":"cG9zdDo3OTU=","title":null,"url":"#","target":null,"label":"Will","parentId":"cG9zdDo3ODk=","linkRelationship":"will","children":[]},{"id":"cG9zdDo3OTY=","title":null,"url":"#","target":null,"label":"Gift Deed","parentId":"cG9zdDo3ODk=","linkRelationship":"gift-deed","children":[]},{"id":"cG9zdDo3OTc=","title":null,"url":"#","target":null,"label":"Partition Deed","parentId":"cG9zdDo3ODk=","linkRelationship":"partition-deed","children":[]},{"id":"cG9zdDo3OTg=","title":null,"url":"#","target":null,"label":"Relinquishment Deed","parentId":"cG9zdDo3ODk=","linkRelationship":"relinquishment-deed","children":[]},{"id":"cG9zdDo3OTk=","title":null,"url":"#","target":null,"label":"Succession Certificate","parentId":"cG9zdDo3ODk=","linkRelationship":"succession-certificate","children":[]}]}]},{"id":"cG9zdDoyMzI=","title":null,"url":"/category/business-registrations","target":null,"label":"Business Registrations","parentId":null,"linkRelationship":"business-registrations","children":[{"id":"cG9zdDo3NTg=","title":null,"url":"/category/business-registrations/product/null","target":null,"label":"Company Incorporation","parentId":"cG9zdDoyMzI=","linkRelationship":null,"children":[{"id":"cG9zdDoyNDM=","title":null,"url":"#","target":null,"label":"Private Limited Company","parentId":"cG9zdDo3NTg=","linkRelationship":"private-limited-company","children":[]},{"id":"cG9zdDozODM=","title":null,"url":"#","target":null,"label":"One Person Company","parentId":"cG9zdDo3NTg=","linkRelationship":"one-person-company","children":[]},{"id":"cG9zdDo3NTk=","title":null,"url":"#","target":null,"label":"Limited Liability Partnership","parentId":"cG9zdDo3NTg=","linkRelationship":"limited-liability-partnership","children":[]},{"id":"cG9zdDo3NjA=","title":null,"url":"#","target":null,"label":"Partnership Firm","parentId":"cG9zdDo3NTg=","linkRelationship":"partnership-firm","children":[]}]},{"id":"cG9zdDo3NjE=","title":null,"url":"/category/business-registrations/product/null","target":null,"label":"Trademark & Copyrights","parentId":"cG9zdDoyMzI=","linkRelationship":null,"children":[{"id":"cG9zdDo3NjI=","title":null,"url":"#","target":null,"label":"Trademark Registration","parentId":"cG9zdDo3NjE=","linkRelationship":"trademark-registration","children":[]},{"id":"cG9zdDo3NjM=","title":null,"url":"#","target":null,"label":"Trademark Renewal","parentId":"cG9zdDo3NjE=","linkRelationship":"trademark-renewal","children":[]},{"id":"cG9zdDo3NzI=","title":null,"url":"#","target":null,"label":"Respond to TM Objection","parentId":"cG9zdDo3NjE=","linkRelationship":"respond-to-tm-objection","children":[]},{"id":"cG9zdDo3NjQ=","title":null,"url":"#","target":null,"label":"Copyright Registration","parentId":"cG9zdDo3NjE=","linkRelationship":"copyright-registration","children":[]}]},{"id":"cG9zdDo3NjU=","title":null,"url":"/category/business-registrations/product/null","target":null,"label":"Registration & Licenses","parentId":"cG9zdDoyMzI=","linkRelationship":null,"children":[{"id":"cG9zdDo3NjY=","title":null,"url":"#","target":null,"label":"Startup India Registration","parentId":"cG9zdDo3NjU=","linkRelationship":"startup-india-registration","children":[]},{"id":"cG9zdDo3Njc=","title":null,"url":"#","target":null,"label":"GST Registration","parentId":"cG9zdDo3NjU=","linkRelationship":"gst-registration","children":[]},{"id":"cG9zdDo3Njg=","title":null,"url":"#","target":null,"label":"MSME/SSI Registration","parentId":"cG9zdDo3NjU=","linkRelationship":"msme-registration","children":[]},{"id":"cG9zdDo3Njk=","title":null,"url":"#","target":null,"label":"Trade License","parentId":"cG9zdDo3NjU=","linkRelationship":"trade-license","children":[]},{"id":"cG9zdDo3NzA=","title":null,"url":"#","target":null,"label":"Shops and Establishments License","parentId":"cG9zdDo3NjU=","linkRelationship":"shops-and-establishments-license","children":[]},{"id":"cG9zdDo3NzM=","title":null,"url":"#","target":null,"label":"IEC [Import/Export Code]","parentId":"cG9zdDo3NjU=","linkRelationship":"iec-import-export-code","children":[]},{"id":"cG9zdDo3NzE=","title":null,"url":"#","target":null,"label":"FSSAI License","parentId":"cG9zdDo3NjU=","linkRelationship":"fssai-license","children":[]}]}]},{"id":"cG9zdDoyNjM=","title":null,"url":"/blogs","target":null,"label":"Blog","parentId":null,"linkRelationship":"blogs","children":[]},{"id":"cG9zdDoyNjQ=","title":null,"url":"/join-our-network","target":null,"label":"Join our Network","parentId":null,"linkRelationship":"join-our-network","children":[]}]}